,cpc,organic,affiliate,social
0,1,0,0,1
1,1,0,1,0
2,0,0,1,1
3,1,0,0,0
4,1,0,0,0
5,0,0,1,0
6,1,0,0,1
7,0,1,0,1
8,0,0,1,0
9,0,0,1,1
10,1,0,0,1
11,0,0,1,1
12,1,0,0,1
13,0,0,1,0
14,0,0,1,1
15,0,0,1,1
16,0,0,1,1
17,0,1,1,0
18,0,0,1,1
19,0,0,1,0
20,0,0,1,1
21,0,0,1,1
22,0,0,1,1
23,0,0,1,1
24,1,0,1,0
25,1,0,1,0
26,1,0,0,1
27,0,0,1,0
28,1,0,1,0
29,1,0,0,0
30,0,0,1,1
31,0,0,1,1
32,0,0,1,1
33,0,0,1,1
34,0,0,1,0
35,0,0,1,1
36,1,0,1,0
37,0,0,1,1
38,1,0,0,0
39,1,0,0,0
40,0,0,1,1
41,0,1,0,1
42,0,0,1,1
43,1,0,0,0
44,1,0,1,1
45,0,0,1,1
46,1,0,0,1
47,1,0,1,0
48,0,0,1,0
49,0,0,1,0
50,1,0,0,1
51,0,0,1,1
52,1,0,1,0
53,0,0,1,1
54,0,0,1,1
55,1,0,1,0
56,1,0,0,0
57,0,0,1,0
58,1,1,0,0
59,0,0,1,1
60,1,0,0,0
61,0,0,1,0
62,0,0,1,1
63,0,0,1,1
64,1,0,0,0
65,0,0,1,1
66,1,0,1,0
67,0,0,1,1
68,0,0,1,1
69,0,0,1,0
70,0,1,0,0
71,1,0,0,0
72,0,0,1,0
73,1,0,1,0
74,1,0,0,1
75,0,0,1,1
76,1,1,0,0
77,0,0,1,1
78,0,0,1,1
79,1,0,1,0
80,1,0,1,1
81,0,0,1,0
82,0,0,1,1
83,1,0,0,0
84,0,0,1,1
85,1,0,0,0
86,0,0,1,1
87,0,0,1,0
88,1,0,1,0
89,0,0,1,0
90,0,0,1,1
91,0,0,1,1
92,1,0,1,0
93,0,0,1,0
94,0,1,1,0
95,0,0,1,1
96,0,0,1,1
97,0,0,1,0
98,0,0,1,1
99,0,0,1,0
100,0,0,1,1
101,0,0,1,1
102,1,0,1,0
103,0,0,1,1
104,0,0,1,1
105,1,0,1,0
106,0,0,1,1
107,1,0,1,1
108,1,0,1,0
109,0,0,1,0
110,0,0,1,1
111,0,0,1,0
112,0,0,1,1
113,0,0,1,0
114,0,0,1,1
115,1,0,0,1
116,0,0,1,1
117,1,0,1,0
118,0,0,1,1
119,0,0,1,0
120,0,0,1,1
121,1,0,1,1
122,1,0,0,0
123,0,0,1,1
124,0,0,1,0
125,0,0,1,1
126,0,0,1,1
127,1,0,0,0
128,0,0,1,0
129,0,0,1,1
130,0,0,1,0
131,0,0,1,1
132,1,0,1,1
133,0,0,1,1
134,0,0,1,1
135,0,0,1,1
136,0,0,1,0
137,1,0,1,0
138,0,0,1,0
139,0,0,1,1
140,1,1,0,1
141,1,0,0,1
142,0,0,1,1
143,1,0,0,0
144,0,0,1,1
145,0,0,1,1
146,1,0,0,1
147,0,0,1,1
148,1,0,1,0
149,0,0,1,1
150,0,0,1,1
151,0,0,1,1
152,1,1,0,0
153,0,0,1,0
154,0,0,1,0
155,0,0,1,1
156,0,0,1,0
157,1,0,1,1
158,1,0,0,0
159,1,0,1,1
160,1,0,1,0
161,0,0,1,0
162,1,0,1,0
163,0,0,1,1
164,0,0,1,1
165,1,0,1,0
166,0,0,1,1
167,0,0,1,0
168,1,1,0,0
169,0,1,0,1
170,0,1,1,1
171,1,0,0,1
172,1,0,0,0
173,1,0,1,1
174,1,0,1,0
175,1,0,0,1
176,1,0,0,1
177,0,0,1,1
178,0,0,1,1
179,1,0,1,0
180,1,0,0,0
181,0,0,1,0
182,0,0,1,1
183,1,0,1,1
184,0,0,1,1
185,0,0,1,1
186,0,0,1,1
187,1,0,0,0
188,0,1,0,0
189,1,0,1,0
190,0,0,1,1
191,1,0,1,0
192,0,0,1,0
193,1,0,1,0
194,0,1,1,0
195,1,1,0,1
196,0,0,1,1
197,1,0,1,0
198,1,0,1,0
199,0,0,1,0
200,0,0,1,1
201,1,0,1,0
202,0,0,1,1
203,1,0,0,1
204,1,0,0,1
205,1,0,1,0
206,0,0,1,1
207,1,0,1,0
208,1,1,0,1
209,0,0,1,0
210,0,0,1,1
211,0,0,1,0
212,0,0,1,1
213,1,0,1,0
214,0,0,1,1
215,0,0,1,0
216,0,0,1,1
217,0,0,1,1
218,0,0,1,1
219,0,0,1,0
220,0,0,1,0
221,0,0,1,1
222,1,0,0,1
223,1,0,1,1
224,0,0,1,1
225,0,1,0,1
226,0,0,1,1
227,0,0,1,0
228,0,0,1,1
229,1,0,1,0
230,1,0,0,0
231,0,0,1,1
232,1,0,0,1
233,0,0,1,0
234,1,0,1,0
235,0,0,1,1
236,1,0,1,0
237,0,0,1,1
238,0,0,1,0
239,1,0,1,0
240,0,0,1,1
241,1,0,0,1
242,0,0,1,1
243,0,0,1,0
244,1,0,0,0
245,0,0,1,1
246,0,0,1,0
247,0,0,1,0
248,0,0,1,1
249,0,0,1,0
250,0,0,1,0
251,0,0,1,0
252,0,0,1,0
253,1,0,0,0
254,0,0,1,1
255,0,0,1,1
256,0,0,1,1
257,1,0,0,1
258,0,0,1,1
259,1,0,0,1
260,0,0,1,0
261,1,0,0,0
262,0,0,1,1
263,0,0,1,1
264,1,0,1,0
265,0,0,1,0
266,0,0,1,1
267,0,0,1,0
268,1,0,1,1
269,1,0,0,0
270,0,0,1,0
271,0,0,1,1
272,0,0,1,0
273,1,0,0,1
274,0,0,1,1
275,0,0,1,1
276,1,0,1,0
277,0,0,1,0
278,0,0,1,1
279,0,0,1,1
280,0,0,1,0
281,0,0,1,1
282,1,0,1,0
283,1,0,1,1
284,0,0,1,1
285,0,0,1,0
286,0,0,1,1
287,0,0,1,1
288,0,0,1,1
289,0,1,0,1
290,0,0,1,1
291,0,0,1,1
292,1,0,1,0
293,0,1,1,0
294,0,0,1,1
295,1,1,0,1
296,0,0,1,1
297,1,0,0,1
298,1,0,0,1
299,0,0,1,1
300,1,0,0,0
301,0,1,1,0
302,1,0,1,0
303,0,0,1,1
304,1,0,0,1
305,0,0,1,0
306,0,0,1,0
307,1,0,1,1
308,0,0,1,0
309,0,1,0,1
310,0,0,1,1
311,0,0,1,1
312,0,1,1,1
313,1,1,0,0
314,1,0,0,1
315,0,0,1,0
316,0,0,1,0
317,0,1,1,0
318,1,0,1,1
319,0,0,1,1
320,0,0,1,1
321,1,0,0,1
322,0,0,1,1
323,1,0,0,1
324,0,0,1,0
325,0,0,1,1
326,0,0,1,1
327,0,0,1,0
328,0,0,1,1
329,0,0,1,1
330,0,0,1,0
331,0,0,1,0
332,1,1,0,0
333,1,0,1,0
334,0,0,1,1
335,0,0,1,1
336,0,0,1,1
337,0,0,1,1
338,0,0,1,0
339,1,0,0,0
340,0,0,1,1
341,0,0,1,0
342,0,1,1,0
343,1,0,1,0
344,0,0,1,1
345,0,0,1,1
346,0,0,1,1
347,0,0,1,0
348,0,1,1,0
349,1,0,1,1
350,1,0,1,0
351,0,0,1,1
352,0,0,1,1
353,0,0,1,1
354,0,0,1,1
355,0,1,0,0
356,1,0,1,0
357,0,0,1,1
358,0,0,1,1
359,0,0,1,1
360,0,0,1,1
361,0,0,1,1
362,0,0,1,1
363,1,1,0,1
364,1,0,0,0
365,0,1,1,0
366,1,0,1,0
367,0,0,1,1
368,1,0,0,1
369,0,0,1,0
370,0,0,1,1
371,1,0,1,0
372,0,0,1,1
373,1,0,0,1
374,1,0,1,0
375,0,0,1,1
376,0,0,1,1
377,0,0,1,1
378,0,0,1,1
379,0,0,1,1
380,1,0,1,0
381,0,1,0,1
382,0,0,1,1
383,1,0,0,1
384,0,0,1,0
385,1,0,0,0
386,0,0,1,0
387,0,0,1,0
388,1,0,1,0
389,1,0,0,0
390,1,1,0,1
391,0,0,1,1
392,1,0,0,1
393,0,0,1,0
394,1,0,0,1
395,1,0,0,0
396,0,1,0,0
397,1,0,1,1
398,0,0,1,1
399,0,0,1,0
400,0,1,0,0
401,1,0,1,0
402,1,0,0,0
403,0,1,0,0
404,0,0,1,1
405,0,0,1,1
406,1,0,0,1
407,0,0,1,0
408,1,0,1,0
409,0,0,1,0
410,0,0,1,0
411,1,0,1,0
412,1,1,0,0
413,0,0,1,0
414,0,0,1,1
415,0,0,1,1
416,1,1,0,0
417,1,0,1,0
418,1,1,0,0
419,0,0,1,0
420,0,0,1,0
421,1,0,0,1
422,1,0,0,0
423,0,1,0,0
424,0,0,1,0
425,0,0,1,1
426,1,1,0,0
427,1,0,0,0
428,0,0,1,1
429,0,1,0,1
430,0,0,1,1
431,0,0,1,0
432,1,0,0,0
433,0,0,1,1
434,0,0,1,1
435,0,1,0,1
436,0,0,1,1
437,0,0,1,1
438,1,0,0,1
439,0,0,1,1
440,0,1,1,0
441,0,0,1,0
442,1,0,1,0
443,0,1,1,0
444,0,0,1,0
445,0,0,1,1
446,1,0,0,1
447,0,0,1,0
448,0,0,1,1
449,1,1,0,0
450,0,0,1,1
451,1,0,0,1
452,0,0,1,0
453,0,0,1,0
454,0,0,1,1
455,1,0,0,1
456,0,0,1,1
457,0,0,1,1
458,1,0,0,1
459,1,0,1,1
460,0,0,1,1
461,1,1,0,0
462,0,0,1,1
463,0,0,1,1
464,1,0,0,1
465,0,0,1,0
466,1,0,0,1
467,0,0,1,1
468,1,1,0,0
469,0,1,1,0
470,1,0,0,1
471,0,1,0,1
472,1,0,1,0
473,1,0,1,0
474,0,0,1,1
475,0,1,1,0
476,0,0,1,1
477,1,0,1,0
478,0,0,1,0
479,0,0,1,1
480,1,0,0,1
481,1,1,0,1
482,1,0,1,1
483,1,0,1,0
484,0,0,1,1
485,1,0,1,0
486,0,0,1,1
487,0,0,1,1
488,0,1,0,1
489,0,0,1,1
490,0,0,1,1
491,1,0,0,1
492,1,0,0,1
493,0,0,1,1
494,0,0,1,0
495,0,0,1,1
496,0,1,1,0
497,1,0,0,1
498,0,0,1,0
499,1,0,0,1
500,0,0,1,0
501,0,0,1,1
502,0,0,1,1
503,0,1,0,1
504,1,0,1,0
505,0,0,1,1
506,0,0,1,0
507,1,0,0,1
508,0,0,1,1
509,0,0,1,1
510,1,0,0,1
511,1,0,1,0
512,0,0,1,0
513,0,0,1,1
514,1,0,0,1
515,0,0,1,1
516,0,0,1,1
517,1,0,0,1
518,0,0,1,0
519,0,1,1,0
520,0,0,1,1
521,1,0,0,1
522,1,0,1,0
523,0,0,1,0
524,0,1,0,1
525,1,0,0,1
526,0,0,1,0
527,0,0,1,1
528,0,0,1,1
529,0,0,1,1
530,1,0,0,1
531,0,0,1,1
532,0,0,1,1
533,1,0,0,0
534,0,0,1,0
535,1,0,0,0
536,0,1,0,1
537,1,0,0,1
538,0,0,1,1
539,1,0,0,0
540,0,0,1,1
541,0,0,1,1
542,0,0,1,1
543,0,0,1,1
544,0,0,1,1
545,1,0,1,1
546,0,0,1,0
547,0,0,1,1
548,1,0,0,0
549,0,1,0,1
550,0,0,1,1
551,0,0,1,0
552,0,0,1,1
553,0,0,1,1
554,0,0,1,1
555,0,0,1,0
556,0,0,1,1
557,0,0,1,0
558,1,0,1,0
559,0,0,1,0
560,0,0,1,1
561,0,0,1,1
562,0,0,1,1
563,0,0,1,1
564,0,0,1,1
565,0,0,1,1
566,0,0,1,0
567,0,0,1,1
568,0,0,1,1
569,0,0,1,0
570,0,0,1,1
571,1,0,1,0
572,0,0,1,1
573,0,0,1,0
574,0,0,1,1
575,0,0,1,1
576,0,0,1,0
577,1,0,1,0
578,1,0,1,1
579,1,0,1,1
580,0,0,1,1
581,0,0,1,1
582,0,0,1,1
583,0,0,1,1
584,0,0,1,0
585,1,0,0,0
586,0,0,1,1
587,0,0,1,1
588,1,0,0,0
589,0,0,1,1
590,0,0,1,1
591,0,0,1,1
592,0,0,1,0
593,0,1,0,1
594,1,0,1,0
595,0,0,1,0
596,0,0,1,1
597,0,0,1,0
598,0,0,1,1
599,1,1,0,0
600,1,0,0,0
601,0,0,1,1
602,1,0,1,0
603,0,0,1,1
604,1,0,0,1
605,1,0,0,0
606,1,0,0,1
607,0,0,1,1
608,0,0,1,0
609,0,0,1,1
610,1,1,0,0
611,0,0,1,1
612,0,0,1,1
613,0,0,1,1
614,1,0,0,1
615,0,0,1,1
616,1,0,1,0
617,0,0,1,1
618,0,0,1,0
619,1,0,0,0
620,0,0,1,1
621,1,0,0,0
622,0,1,1,0
623,0,0,1,0
624,0,0,1,0
625,0,0,1,1
626,0,0,1,0
627,0,1,1,1
628,0,0,1,1
629,0,0,1,1
630,1,0,1,0
631,1,0,1,1
632,0,0,1,1
633,0,0,1,1
634,0,1,0,1
635,0,0,1,1
636,0,0,1,1
637,0,0,1,1
638,0,0,1,1
639,0,0,1,0
640,0,0,1,1
641,1,0,0,1
642,0,0,1,0
643,0,1,1,0
644,1,0,0,1
645,0,0,1,1
646,0,0,1,0
647,0,0,1,0
648,0,0,1,0
649,0,0,1,1
650,1,0,1,1
651,0,0,1,1
652,0,0,1,1
653,1,0,1,0
654,1,0,0,0
655,0,0,1,1
656,0,0,1,0
657,0,1,0,1
658,0,0,1,0
659,0,0,1,0
660,0,0,1,1
661,0,0,1,0
662,1,0,0,1
663,1,0,0,0
664,0,0,1,0
665,1,0,0,0
666,1,0,0,1
667,0,0,1,0
668,1,0,1,1
669,0,0,1,1
670,0,1,1,1
671,0,0,1,0
672,0,0,1,1
673,0,0,1,0
674,0,0,1,1
675,0,0,1,0
676,0,0,1,1
677,1,0,1,0
678,0,0,1,1
679,1,0,0,1
680,0,0,1,1
681,0,0,1,1
682,0,0,1,1
683,0,0,1,1
684,0,0,1,1
685,1,0,0,1
686,1,0,1,0
687,0,0,1,0
688,0,0,1,1
689,0,0,1,0
690,0,0,1,1
691,1,0,1,1
692,1,0,0,1
693,0,0,1,0
694,0,0,1,0
695,0,0,1,0
696,1,0,1,1
697,0,0,1,0
698,1,0,0,1
699,0,1,0,1
700,0,0,1,1
701,1,0,1,0
702,1,0,1,0
703,0,0,1,1
704,0,1,0,0
705,0,0,1,1
706,0,0,1,1
707,0,0,1,1
708,0,1,0,1
709,0,0,1,1
710,1,0,1,0
711,0,0,1,1
712,0,0,1,1
713,0,0,1,1
714,0,0,1,1
715,0,0,1,1
716,1,0,0,1
717,0,1,1,0
718,0,0,1,1
719,0,1,1,0
720,0,0,1,1
721,1,0,1,0
722,0,1,1,1
723,0,0,1,1
724,1,0,1,0
725,1,1,0,1
726,0,0,1,1
727,0,0,1,1
728,0,0,1,1
729,1,0,1,1
730,0,0,1,0
731,0,0,1,1
732,0,0,1,1
733,0,1,1,0
734,0,0,1,1
735,1,0,0,1
736,0,0,1,0
737,0,0,1,1
738,0,0,1,0
739,1,0,0,1
740,0,0,1,0
741,0,0,1,1
742,1,0,0,1
743,0,0,1,0
744,1,1,0,0
745,0,0,1,0
746,1,0,0,1
747,1,0,1,0
748,0,0,1,0
749,0,0,1,1
750,1,0,0,1
751,0,0,1,0
752,0,0,1,1
753,0,0,1,1
754,1,0,0,1
755,0,0,1,0
756,0,0,1,0
757,0,0,1,1
758,0,0,1,1
759,1,0,1,1
760,1,0,0,0
761,0,0,1,1
762,0,0,1,0
763,0,0,1,0
764,0,0,1,0
765,0,0,1,0
766,0,0,1,1
767,0,1,1,0
768,0,0,1,1
769,0,0,1,0
770,1,0,1,0
771,0,1,0,1
772,1,0,1,1
773,0,0,1,1
774,1,0,1,0
775,0,0,1,0
776,0,0,1,0
777,1,0,0,1
778,0,0,1,0
779,1,0,0,0
780,0,0,1,1
781,1,0,1,0
782,0,0,1,1
783,0,0,1,0
784,0,0,1,1
785,0,0,1,1
786,0,0,1,0
787,1,0,1,0
788,0,0,1,1
789,1,0,1,0
790,1,1,0,0
791,0,1,0,0
792,0,0,1,0
793,0,0,1,1
794,0,0,1,1
795,1,0,1,0
796,1,0,0,1
797,1,0,1,1
798,1,0,1,1
799,0,0,1,0
800,0,1,0,0
801,0,0,1,0
802,0,0,1,1
803,1,0,1,0
804,0,0,1,1
805,0,0,1,1
806,0,0,1,1
807,1,0,0,1
808,1,0,1,1
809,0,0,1,1
810,1,0,1,0
811,0,0,1,1
812,0,0,1,1
813,1,0,1,0
814,0,1,0,0
815,0,0,1,0
816,0,0,1,1
817,1,0,1,0
818,0,0,1,0
819,0,0,1,1
820,0,0,1,0
821,0,1,0,1
822,1,0,1,1
823,0,0,1,1
824,1,0,0,1
825,1,1,0,0
826,1,0,0,0
827,1,0,0,1
828,0,1,0,0
829,0,0,1,0
830,0,0,1,1
831,0,0,1,1
832,1,0,0,1
833,1,0,1,0
834,0,0,1,1
835,1,0,0,0
836,0,0,1,0
837,1,0,0,1
838,0,0,1,0
839,0,0,1,1
840,0,0,1,0
841,0,0,1,0
842,1,0,0,0
843,0,1,1,1
844,1,1,0,1
845,1,0,1,0
846,1,1,0,0
847,0,0,1,1
848,1,0,0,0
849,1,0,1,1
850,0,0,1,1
851,0,0,1,1
852,1,0,0,1
853,1,0,0,0
854,0,0,1,1
855,0,0,1,0
856,0,0,1,1
857,0,0,1,1
858,0,0,1,1
859,1,0,0,1
860,0,0,1,1
861,0,0,1,1
862,0,1,1,1
863,1,0,0,0
864,0,0,1,1
865,0,0,1,1
866,0,0,1,1
867,1,0,1,0
868,1,0,0,1
869,0,0,1,1
870,0,0,1,0
871,0,0,1,0
872,1,1,0,0
873,0,0,1,0
874,1,0,1,0
875,1,0,0,1
876,1,0,0,1
877,0,0,1,1
878,0,0,1,0
879,0,0,1,1
880,0,0,1,1
881,0,0,1,1
882,1,0,1,1
883,0,0,1,1
884,0,0,1,1
885,0,0,1,1
886,0,1,0,0
887,0,0,1,1
888,1,0,0,0
889,0,0,1,0
890,0,0,1,1
891,0,0,1,1
892,1,0,1,0
893,1,0,0,1
894,1,0,1,0
895,1,0,1,1
896,0,0,1,1
897,0,1,0,1
898,1,0,0,1
899,0,0,1,0
900,0,0,1,0
901,0,0,1,1
902,1,0,1,0
903,0,0,1,1
904,0,1,1,1
905,0,0,1,0
906,0,0,1,1
907,1,0,1,0
908,0,0,1,1
909,1,1,0,0
910,0,1,0,1
911,0,0,1,1
912,1,0,1,1
913,1,0,1,1
914,0,0,1,0
915,0,1,1,0
916,0,0,1,0
917,0,0,1,0
918,0,0,1,0
919,0,0,1,1
920,0,0,1,0
921,0,1,0,0
922,0,1,0,1
923,0,0,1,1
924,1,0,0,1
925,0,0,1,1
926,0,0,1,0
927,0,0,1,1
928,0,0,1,1
929,1,0,0,1
930,0,1,1,1
931,0,0,1,1
932,0,0,1,1
933,0,1,1,1
934,0,1,1,0
935,0,1,0,1
936,0,0,1,1
937,0,0,1,1
938,0,0,1,1
939,0,0,1,1
940,0,0,1,1
941,1,0,1,0
942,1,0,1,1
943,0,0,1,0
944,1,0,0,1
945,1,1,0,0
946,1,1,0,0
947,0,0,1,1
948,0,0,1,1
949,0,0,1,1
950,0,0,1,0
951,1,0,1,0
952,0,0,1,1
953,0,0,1,1
954,1,0,0,1
955,0,0,1,1
956,1,0,1,1
957,0,0,1,1
958,0,0,1,0
959,0,0,1,1
960,1,0,1,0
961,1,0,1,0
962,0,0,1,0
963,1,0,1,1
964,0,0,1,1
965,0,0,1,1
966,1,0,1,0
967,1,0,1,0
968,0,0,1,1
969,1,0,0,1
970,0,0,1,1
971,1,0,0,1
972,0,0,1,1
973,1,0,0,0
974,0,0,1,1
975,0,1,0,0
976,0,0,1,0
977,0,0,1,1
978,0,0,1,1
979,1,0,1,1
980,0,1,1,0
981,0,0,1,0
982,1,0,0,1
983,0,0,1,1
984,1,0,1,0
985,1,0,1,0
986,1,0,0,0
987,0,0,1,0
988,1,0,0,1
989,1,0,1,0
990,0,0,1,1
991,0,0,1,0
992,1,0,0,0
993,1,0,0,0
994,0,0,1,1
995,0,0,1,0
996,0,0,1,1
997,1,0,0,1
998,0,1,1,0
999,0,0,1,1
1000,0,0,1,1
1001,0,0,1,0
1002,0,0,1,1
1003,0,1,0,0
1004,0,1,1,1
1005,1,0,1,1
1006,0,1,0,1
1007,0,0,1,1
1008,1,0,1,1
1009,0,0,1,1
1010,1,0,0,0
1011,0,0,1,1
1012,1,0,0,1
1013,1,0,1,1
1014,0,0,1,1
1015,0,0,1,0
1016,1,0,0,1
1017,0,0,1,1
1018,1,0,1,1
1019,0,0,1,1
1020,0,0,1,1
1021,0,0,1,0
1022,1,1,0,1
1023,0,1,0,1
1024,0,0,1,1
1025,1,0,1,0
1026,0,1,1,0
1027,1,0,0,1
1028,1,1,0,0
1029,0,0,1,1
1030,0,0,1,1
1031,0,1,0,1
1032,0,0,1,1
1033,1,0,1,1
1034,0,0,1,1
1035,0,1,0,1
1036,0,0,1,1
1037,0,0,1,1
1038,1,0,1,0
1039,0,0,1,0
1040,0,0,1,1
1041,0,0,1,1
1042,0,0,1,0
1043,0,0,1,1
1044,1,0,1,1
1045,0,1,1,0
1046,0,0,1,1
1047,0,0,1,1
1048,0,0,1,0
1049,0,0,1,1
1050,1,0,0,1
1051,0,0,1,1
1052,0,0,1,1
1053,0,1,0,1
1054,0,0,1,1
1055,1,0,1,0
1056,0,0,1,0
1057,0,0,1,1
1058,1,0,0,1
1059,0,0,1,1
1060,0,0,1,1
1061,1,0,1,0
1062,0,0,1,1
1063,1,0,1,1
1064,0,0,1,0
1065,0,0,1,1
1066,1,1,0,1
1067,1,0,0,1
1068,0,0,1,1
1069,1,0,0,0
1070,0,0,1,1
1071,1,0,0,1
1072,0,0,1,0
1073,0,0,1,0
1074,0,0,1,1
1075,1,0,1,1
1076,1,0,0,1
1077,0,0,1,1
1078,0,0,1,0
1079,1,0,0,1
1080,0,0,1,0
1081,0,0,1,0
1082,1,0,0,0
1083,0,0,1,1
1084,1,0,1,0
1085,0,0,1,1
1086,0,0,1,1
1087,0,1,0,0
1088,0,0,1,1
1089,1,0,0,1
1090,0,0,1,1
1091,1,0,0,1
1092,1,0,1,0
1093,0,0,1,0
1094,1,0,0,1
1095,0,0,1,1
1096,1,0,1,0
1097,0,0,1,1
1098,1,0,0,1
1099,0,0,1,0
1100,0,1,0,1
1101,1,0,0,0
1102,0,1,0,0
1103,1,0,0,1
1104,0,0,1,1
1105,0,0,1,1
1106,0,0,1,1
1107,0,0,1,1
1108,1,0,1,0
1109,1,0,0,1
1110,0,0,1,1
1111,1,0,0,1
1112,0,0,1,1
1113,0,0,1,1
1114,1,0,0,1
1115,0,0,1,0
1116,0,0,1,1
1117,0,0,1,0
1118,0,0,1,1
1119,0,0,1,1
1120,0,0,1,1
1121,1,0,0,1
1122,0,0,1,1
1123,1,0,0,1
1124,0,0,1,1
1125,0,0,1,1
1126,0,0,1,1
1127,0,0,1,1
1128,1,0,0,1
1129,0,0,1,1
1130,0,0,1,1
1131,0,0,1,0
1132,0,0,1,1
1133,0,0,1,1
1134,1,0,1,0
1135,0,1,1,1
1136,0,0,1,1
1137,0,0,1,0
1138,1,0,1,1
1139,0,0,1,1
1140,0,1,1,1
1141,0,0,1,0
1142,0,0,1,1
1143,1,0,1,0
1144,1,0,0,0
1145,1,0,0,0
1146,1,0,0,1
1147,0,0,1,1
1148,1,0,0,1
1149,0,0,1,1
1150,0,0,1,0
1151,0,0,1,0
1152,0,0,1,1
1153,0,0,1,1
1154,1,0,1,0
1155,0,0,1,1
1156,0,0,1,1
1157,0,0,1,0
1158,1,0,0,1
1159,0,0,1,1
1160,1,0,0,1
1161,1,0,1,0
1162,0,0,1,1
1163,1,1,0,1
1164,0,0,1,1
1165,0,0,1,1
1166,1,0,0,1
1167,1,1,0,1
1168,1,1,0,1
1169,1,0,1,0
1170,0,0,1,0
1171,1,0,1,0
1172,0,1,1,1
1173,0,0,1,0
1174,0,0,1,1
1175,0,0,1,1
1176,1,1,0,1
1177,0,0,1,0
1178,0,0,1,1
1179,0,0,1,1
1180,1,0,1,0
1181,0,0,1,0
1182,0,0,1,1
1183,0,0,1,0
1184,1,0,0,1
1185,1,0,1,1
1186,1,0,1,0
1187,0,0,1,0
1188,0,0,1,0
1189,0,0,1,1
1190,1,0,0,1
1191,0,0,1,1
1192,0,1,1,0
1193,0,1,1,1
1194,1,0,1,0
1195,0,0,1,1
1196,0,0,1,1
1197,0,0,1,0
1198,1,0,1,0
1199,0,0,1,1
1200,0,0,1,0
1201,0,0,1,0
1202,0,0,1,1
1203,0,0,1,1
1204,0,0,1,1
1205,0,0,1,1
1206,1,0,1,0
1207,1,1,0,0
1208,0,0,1,1
1209,0,0,1,1
1210,0,0,1,0
1211,0,0,1,0
1212,0,0,1,1
1213,0,0,1,1
1214,0,0,1,0
1215,1,0,1,0
1216,0,0,1,1
1217,1,0,0,1
1218,1,0,1,0
1219,1,0,1,1
1220,0,0,1,1
1221,0,0,1,1
1222,0,0,1,1
1223,0,0,1,1
1224,0,0,1,0
1225,0,0,1,1
1226,0,0,1,1
1227,1,0,0,1
1228,1,0,0,1
1229,0,0,1,0
1230,1,0,0,1
1231,0,0,1,0
1232,1,0,0,1
1233,0,0,1,1
1234,1,0,0,1
1235,0,0,1,1
1236,0,0,1,1
1237,1,0,1,0
1238,0,0,1,1
1239,0,0,1,1
1240,0,0,1,1
1241,1,0,1,1
1242,1,0,1,0
1243,1,0,1,0
1244,0,0,1,0
1245,0,0,1,1
1246,1,0,0,1
1247,0,0,1,0
1248,0,0,1,1
1249,1,0,1,0
1250,0,0,1,1
1251,1,0,0,0
1252,0,1,1,0
1253,0,0,1,1
1254,0,0,1,1
1255,1,0,0,1
1256,0,0,1,1
1257,0,0,1,0
1258,0,0,1,1
1259,0,0,1,1
1260,0,0,1,1
1261,0,0,1,1
1262,1,0,1,0
1263,0,0,1,0
1264,0,0,1,0
1265,0,0,1,1
1266,0,0,1,0
1267,0,0,1,0
1268,0,0,1,1
1269,0,1,1,1
1270,0,0,1,1
1271,0,0,1,0
1272,0,0,1,0
1273,0,0,1,1
1274,1,0,0,0
1275,0,0,1,1
1276,1,0,0,1
1277,1,0,1,0
1278,0,0,1,1
1279,0,1,1,0
1280,1,0,1,0
1281,1,0,0,1
1282,0,0,1,0
1283,0,0,1,0
1284,1,1,0,0
1285,1,0,1,1
1286,1,0,0,1
1287,0,0,1,1
1288,1,0,0,1
1289,1,0,0,1
1290,0,0,1,0
1291,0,0,1,1
1292,0,0,1,0
1293,0,0,1,1
1294,0,0,1,1
1295,1,0,1,0
1296,0,0,1,0
1297,1,0,1,1
1298,0,0,1,0
1299,0,0,1,0
1300,0,0,1,1
1301,0,0,1,1
1302,0,0,1,1
1303,0,0,1,0
1304,1,0,0,0
1305,0,0,1,1
1306,0,0,1,1
1307,0,0,1,0
1308,1,0,0,1
1309,1,1,0,1
1310,1,1,0,1
1311,0,0,1,1
1312,0,0,1,0
1313,1,0,0,0
1314,1,0,0,1
1315,0,0,1,1
1316,0,0,1,1
1317,1,0,0,1
1318,1,0,1,0
1319,0,0,1,1
1320,0,1,1,1
1321,1,0,0,0
1322,1,0,1,1
1323,0,0,1,1
1324,0,0,1,0
1325,0,0,1,1
1326,0,0,1,1
1327,0,0,1,1
1328,0,0,1,0
1329,0,0,1,0
1330,0,0,1,1
1331,0,0,1,0
1332,0,0,1,1
1333,0,0,1,1
1334,1,0,0,1
1335,1,0,1,0
1336,0,0,1,0
1337,0,0,1,0
1338,0,0,1,1
1339,1,0,1,0
1340,1,0,1,1
1341,1,0,0,0
1342,1,0,0,1
1343,0,0,1,0
1344,0,0,1,0
1345,0,0,1,1
1346,1,0,1,0
1347,0,0,1,0
1348,0,0,1,0
1349,1,0,1,0
1350,1,0,0,0
1351,0,1,0,1
1352,1,0,0,1
1353,0,0,1,0
1354,0,0,1,0
1355,0,0,1,1
1356,0,0,1,1
1357,1,0,1,0
1358,1,0,1,1
1359,0,0,1,1
1360,0,0,1,0
1361,1,0,1,0
1362,0,0,1,1
1363,0,0,1,1
1364,1,0,1,0
1365,1,0,1,1
1366,0,1,0,1
1367,0,0,1,0
1368,1,0,1,1
1369,0,0,1,1
1370,1,0,0,0
1371,0,0,1,0
1372,0,0,1,0
1373,0,0,1,0
1374,0,0,1,1
1375,1,0,0,1
1376,0,0,1,1
1377,1,0,0,0
1378,0,1,1,1
1379,0,0,1,1
1380,0,0,1,1
1381,0,0,1,1
1382,1,0,0,0
1383,0,0,1,0
1384,1,0,1,0
1385,0,0,1,1
1386,1,1,0,0
1387,0,0,1,1
1388,0,1,0,1
1389,0,0,1,1
1390,0,0,1,1
1391,0,0,1,1
1392,0,0,1,1
1393,0,0,1,1
1394,0,0,1,1
1395,1,0,1,1
1396,1,0,1,0
1397,0,0,1,1
1398,0,0,1,0
1399,0,0,1,1
1400,1,0,1,1
1401,0,0,1,0
1402,1,0,0,1
1403,0,0,1,1
1404,1,0,1,1
1405,0,0,1,0
1406,1,0,0,1
1407,0,0,1,1
1408,0,0,1,0
1409,0,0,1,1
1410,0,0,1,1
1411,0,0,1,1
1412,1,0,1,0
1413,0,0,1,0
1414,0,0,1,1
1415,0,0,1,0
1416,0,0,1,1
1417,0,0,1,1
1418,0,0,1,0
1419,0,0,1,0
1420,0,1,0,0
1421,0,0,1,1
1422,0,0,1,1
1423,0,1,0,1
1424,0,1,0,1
1425,0,0,1,1
1426,1,0,0,1
1427,0,0,1,0
1428,0,0,1,0
1429,1,0,1,0
1430,1,0,1,1
1431,0,1,0,1
1432,0,1,0,1
1433,1,0,0,1
1434,1,0,1,0
1435,0,0,1,0
1436,1,1,0,0
1437,1,0,1,0
1438,0,0,1,0
1439,0,0,1,0
1440,0,0,1,0
1441,1,0,1,1
1442,1,0,1,1
1443,0,1,0,1
1444,0,0,1,0
1445,0,0,1,0
1446,0,0,1,1
1447,0,0,1,1
1448,0,0,1,0
1449,0,0,1,1
1450,0,0,1,0
1451,0,0,1,1
1452,0,0,1,1
1453,1,0,1,0
1454,0,0,1,0
1455,0,0,1,0
1456,1,0,1,0
1457,0,1,0,1
1458,0,0,1,1
1459,1,0,1,0
1460,1,0,1,0
1461,0,1,1,1
1462,1,0,1,0
1463,1,0,1,1
1464,0,0,1,1
1465,1,0,1,0
1466,0,1,0,0
1467,0,0,1,1
1468,1,0,1,1
1469,0,0,1,1
1470,0,1,1,0
1471,1,0,1,1
1472,1,0,1,0
1473,1,0,1,0
1474,1,0,1,0
1475,0,0,1,1
1476,0,0,1,0
1477,1,0,1,0
1478,1,0,1,0
1479,1,0,0,1
1480,0,0,1,1
1481,0,0,1,1
1482,1,0,0,1
1483,1,0,1,0
1484,0,0,1,1
1485,0,1,0,0
1486,0,0,1,1
1487,0,0,1,0
1488,0,1,0,1
1489,1,0,1,0
1490,0,0,1,1
1491,0,0,1,1
1492,1,0,1,0
1493,0,0,1,1
1494,1,0,0,1
1495,1,0,1,1
1496,0,0,1,1
1497,1,0,0,0
1498,0,0,1,0
1499,0,0,1,1
1500,0,0,1,1
1501,0,0,1,1
1502,0,0,1,1
1503,0,0,1,1
1504,0,0,1,0
1505,0,0,1,1
1506,1,0,1,0
1507,0,0,1,1
1508,0,0,1,1
1509,0,1,0,0
1510,1,0,0,0
1511,0,0,1,0
1512,1,1,0,0
1513,0,0,1,0
1514,0,0,1,0
1515,0,1,1,1
1516,0,0,1,1
1517,1,0,0,1
1518,0,0,1,0
1519,0,0,1,1
1520,0,0,1,0
1521,0,0,1,1
1522,0,1,0,1
1523,0,0,1,0
1524,0,0,1,0
1525,0,0,1,1
1526,1,0,0,1
1527,0,1,1,0
1528,0,0,1,0
1529,1,0,1,0
1530,1,0,1,0
1531,0,0,1,1
1532,1,0,0,1
1533,0,1,0,0
1534,1,0,1,0
1535,0,0,1,1
1536,1,1,0,0
1537,0,0,1,0
1538,0,0,1,1
1539,0,0,1,0
1540,0,0,1,1
1541,0,0,1,1
1542,0,0,1,1
1543,0,0,1,0
1544,0,1,0,1
1545,0,0,1,1
1546,1,0,1,1
1547,0,0,1,1
1548,0,0,1,1
1549,1,0,0,1
1550,0,0,1,1
1551,1,0,1,0
1552,1,0,0,1
1553,0,0,1,1
1554,0,0,1,0
1555,1,0,0,1
1556,1,0,0,1
1557,1,0,0,0
1558,0,0,1,0
1559,1,0,1,0
1560,0,0,1,0
1561,0,0,1,1
1562,0,1,0,1
1563,1,0,0,1
1564,1,0,1,1
1565,1,0,1,1
1566,0,0,1,1
1567,1,0,1,0
1568,1,0,1,1
1569,0,0,1,1
1570,1,0,0,1
1571,0,0,1,1
1572,0,0,1,1
1573,0,0,1,1
1574,0,0,1,1
1575,1,0,1,0
1576,0,1,1,0
1577,1,0,0,1
1578,1,0,1,1
1579,1,0,0,0
1580,1,0,0,1
1581,0,0,1,0
1582,0,0,1,1
1583,1,0,1,0
1584,1,0,1,0
1585,0,0,1,0
1586,1,0,1,0
1587,0,0,1,0
1588,1,0,1,0
1589,0,0,1,1
1590,0,0,1,1
1591,0,0,1,1
1592,0,0,1,1
1593,1,0,1,0
1594,0,0,1,0
1595,0,0,1,1
1596,1,0,1,0
1597,1,0,0,1
1598,0,0,1,1
1599,1,1,0,1
1600,1,0,1,0
1601,0,0,1,1
1602,0,0,1,0
1603,0,1,0,1
1604,0,0,1,1
1605,1,0,0,1
1606,1,0,0,0
1607,0,0,1,0
1608,0,0,1,1
1609,0,0,1,0
1610,0,0,1,0
1611,0,0,1,1
1612,1,0,1,0
1613,0,0,1,1
1614,0,0,1,1
1615,0,0,1,1
1616,1,0,1,0
1617,1,1,0,0
1618,0,0,1,1
1619,0,1,1,1
1620,0,0,1,1
1621,0,0,1,1
1622,1,0,0,1
1623,0,0,1,1
1624,0,0,1,1
1625,0,0,1,1
1626,0,0,1,0
1627,0,1,1,0
1628,1,0,1,0
1629,0,0,1,0
1630,0,0,1,0
1631,0,0,1,1
1632,0,0,1,1
1633,0,1,1,1
1634,0,0,1,1
1635,0,0,1,1
1636,0,0,1,0
1637,1,0,1,1
1638,0,0,1,1
1639,1,0,0,1
1640,1,0,1,0
1641,0,0,1,1
1642,1,0,0,1
1643,1,0,1,1
1644,0,0,1,1
1645,1,0,1,0
1646,0,0,1,1
1647,1,1,0,1
1648,0,0,1,1
1649,0,0,1,0
1650,0,0,1,0
1651,1,0,0,1
1652,0,0,1,1
1653,0,0,1,1
1654,0,0,1,1
1655,0,0,1,1
1656,0,0,1,0
1657,0,0,1,0
1658,0,0,1,1
1659,0,0,1,1
1660,0,0,1,1
1661,0,1,0,0
1662,0,0,1,1
1663,1,0,0,0
1664,1,0,1,0
1665,1,0,1,1
1666,1,1,0,0
1667,0,0,1,0
1668,0,0,1,1
1669,0,0,1,1
1670,0,0,1,0
1671,1,0,0,1
1672,0,0,1,1
1673,1,0,1,1
1674,0,0,1,1
1675,0,0,1,1
1676,0,0,1,1
1677,0,1,0,0
1678,1,0,0,1
1679,0,0,1,0
1680,0,0,1,0
1681,0,1,0,1
1682,1,0,0,0
1683,1,1,0,0
1684,1,0,1,1
1685,0,0,1,1
1686,0,0,1,1
1687,0,1,0,1
1688,0,0,1,0
1689,0,0,1,0
1690,0,0,1,1
1691,0,1,1,0
1692,0,0,1,1
1693,1,0,1,1
1694,0,0,1,1
1695,1,0,0,1
1696,1,0,0,0
1697,0,0,1,1
1698,0,0,1,1
1699,1,0,1,0
1700,0,0,1,1
1701,0,0,1,0
1702,0,0,1,0
1703,1,0,0,0
1704,0,1,1,0
1705,1,0,0,1
1706,0,0,1,0
1707,0,0,1,1
1708,1,0,0,1
1709,0,0,1,1
1710,1,0,1,0
1711,0,0,1,0
1712,0,0,1,1
1713,0,0,1,1
1714,0,0,1,1
1715,0,0,1,0
1716,0,0,1,1
1717,0,0,1,0
1718,1,1,0,0
1719,0,0,1,1
1720,0,0,1,0
1721,0,0,1,1
1722,0,0,1,1
1723,1,0,0,1
1724,1,0,1,0
1725,1,0,1,0
1726,0,0,1,1
1727,0,0,1,1
1728,0,0,1,1
1729,0,0,1,1
1730,0,0,1,0
1731,0,0,1,1
1732,0,0,1,1
1733,0,0,1,1
1734,1,0,1,0
1735,0,1,1,0
1736,0,0,1,0
1737,0,0,1,0
1738,1,0,1,0
1739,1,1,0,0
1740,0,0,1,0
1741,0,0,1,1
1742,0,0,1,1
1743,1,0,1,1
1744,0,0,1,1
1745,0,0,1,1
1746,0,0,1,1
1747,0,0,1,1
1748,0,0,1,0
1749,1,0,0,1
1750,0,0,1,1
1751,0,0,1,0
1752,0,0,1,1
1753,1,0,0,1
1754,1,0,0,1
1755,0,0,1,1
1756,0,0,1,0
1757,0,0,1,1
1758,1,0,1,0
1759,0,0,1,1
1760,1,0,1,0
1761,0,0,1,1
1762,0,0,1,0
1763,0,0,1,1
1764,0,0,1,1
1765,0,0,1,1
1766,0,0,1,1
1767,0,0,1,0
1768,0,0,1,1
1769,0,1,0,1
1770,1,0,0,1
1771,0,0,1,1
1772,0,0,1,1
1773,0,0,1,0
1774,0,0,1,1
1775,1,0,0,1
1776,0,1,0,1
1777,1,0,1,1
1778,1,0,0,0
1779,0,0,1,1
1780,0,0,1,0
1781,0,0,1,0
1782,0,0,1,1
1783,0,0,1,1
1784,1,0,0,1
1785,0,0,1,1
1786,1,0,0,1
1787,0,0,1,1
1788,0,0,1,1
1789,0,0,1,1
1790,0,1,1,0
1791,0,0,1,1
1792,0,0,1,1
1793,1,0,1,0
1794,0,0,1,0
1795,0,0,1,1
1796,0,0,1,0
1797,0,0,1,1
1798,1,0,1,0
1799,1,0,1,0
1800,1,0,1,1
1801,1,0,1,1
1802,0,1,1,0
1803,0,0,1,1
1804,0,0,1,0
1805,0,0,1,1
1806,0,0,1,0
1807,0,0,1,1
1808,0,0,1,1
1809,0,0,1,1
1810,0,0,1,1
1811,1,0,0,1
1812,1,1,0,0
1813,0,0,1,1
1814,0,0,1,0
1815,0,1,1,1
1816,1,0,0,0
1817,0,0,1,0
1818,0,0,1,0
1819,0,0,1,1
1820,0,1,0,0
1821,0,0,1,1
1822,0,0,1,1
1823,0,0,1,1
1824,0,0,1,1
1825,1,0,1,0
1826,1,0,0,0
1827,0,0,1,0
1828,1,0,0,1
1829,1,0,0,0
1830,0,0,1,1
1831,0,0,1,1
1832,0,0,1,0
1833,0,0,1,1
1834,0,0,1,0
1835,0,1,0,1
1836,0,0,1,1
1837,1,0,0,1
1838,1,1,0,1
1839,0,0,1,1
1840,1,0,1,1
1841,0,0,1,1
1842,1,0,1,1
1843,1,0,1,0
1844,0,0,1,0
1845,1,0,1,1
1846,0,0,1,0
1847,0,0,1,0
1848,0,0,1,1
1849,0,0,1,1
1850,0,1,0,1
1851,0,0,1,1
1852,1,1,0,0
1853,0,0,1,1
1854,1,0,1,0
1855,0,0,1,1
1856,1,0,0,0
1857,1,1,0,0
1858,0,0,1,1
1859,0,0,1,0
1860,1,0,1,1
1861,0,0,1,1
1862,0,0,1,1
1863,0,1,1,0
1864,0,1,1,1
1865,0,0,1,0
1866,0,0,1,1
1867,0,0,1,1
1868,1,0,0,0
1869,0,0,1,1
1870,1,0,0,1
1871,0,0,1,1
1872,0,0,1,0
1873,1,0,1,0
1874,0,0,1,1
1875,0,0,1,1
1876,0,0,1,1
1877,0,0,1,1
1878,0,0,1,0
1879,1,0,1,0
1880,1,0,0,1
1881,0,0,1,1
1882,1,0,1,0
1883,0,1,0,0
1884,1,0,1,1
1885,1,0,1,1
1886,0,0,1,1
1887,0,0,1,1
1888,0,1,0,1
1889,1,0,1,1
1890,0,0,1,1
1891,0,0,1,1
1892,0,0,1,0
1893,0,0,1,1
1894,0,0,1,1
1895,0,1,1,1
1896,0,0,1,1
1897,1,1,0,0
1898,1,1,0,0
1899,0,0,1,1
1900,1,0,0,0
1901,0,0,1,1
1902,1,0,1,1
1903,0,1,0,0
1904,0,0,1,1
1905,0,0,1,1
1906,1,0,1,0
1907,0,0,1,1
1908,0,1,0,1
1909,1,0,1,0
1910,1,0,0,1
1911,0,0,1,1
1912,1,0,1,1
1913,1,0,1,1
1914,0,0,1,1
1915,0,0,1,0
1916,0,0,1,0
1917,1,0,1,0
1918,1,0,0,1
1919,0,0,1,1
1920,0,0,1,0
1921,0,0,1,0
1922,0,0,1,1
1923,0,0,1,1
1924,1,0,0,0
1925,0,0,1,1
1926,1,0,0,0
1927,1,0,0,1
1928,1,0,1,0
1929,1,0,1,0
1930,1,0,0,0
1931,0,0,1,1
1932,0,0,1,1
1933,0,0,1,0
1934,0,0,1,0
1935,0,0,1,1
1936,0,0,1,1
1937,0,0,1,1
1938,0,0,1,0
1939,0,1,1,0
1940,0,0,1,1
1941,1,0,0,0
1942,0,1,0,0
1943,1,0,1,1
1944,1,0,0,0
1945,0,0,1,1
1946,0,0,1,0
1947,1,0,0,0
1948,1,0,0,0
1949,0,0,1,1
1950,1,0,0,1
1951,0,0,1,1
1952,1,0,0,1
1953,0,0,1,1
1954,0,0,1,1
1955,0,0,1,1
1956,0,0,1,1
1957,0,0,1,1
1958,1,0,0,1
1959,1,0,0,0
1960,1,0,0,0
1961,1,0,0,1
1962,0,0,1,1
1963,0,0,1,1
1964,1,0,1,0
1965,0,0,1,0
1966,1,0,0,0
1967,0,0,1,1
1968,1,0,1,1
1969,1,0,1,1
1970,1,0,1,1
1971,1,0,1,0
1972,1,0,0,0
1973,1,0,1,0
1974,0,0,1,0
1975,0,0,1,0
1976,0,0,1,0
1977,0,0,1,0
1978,0,0,1,1
1979,0,0,1,1
1980,1,0,1,1
1981,0,0,1,1
1982,0,0,1,0
1983,0,0,1,1
1984,0,0,1,0
1985,0,0,1,1
1986,0,0,1,0
1987,1,0,1,1
1988,0,0,1,1
1989,0,1,1,1
1990,0,0,1,1
1991,1,0,0,1
1992,0,0,1,1
1993,0,0,1,0
1994,0,0,1,1
1995,1,0,1,0
1996,1,0,1,1
1997,0,0,1,1
1998,0,0,1,0
1999,0,0,1,1
2000,1,0,0,0
2001,1,0,0,0
2002,0,0,1,1
2003,0,0,1,1
2004,0,0,1,1
2005,1,1,0,0
2006,1,0,1,0
2007,1,0,1,0
2008,0,0,1,1
2009,0,0,1,0
2010,0,0,1,0
2011,1,0,0,1
2012,0,0,1,1
2013,0,1,0,1
2014,1,1,0,0
2015,1,0,0,0
2016,0,0,1,1
2017,1,0,1,1
2018,0,0,1,1
2019,0,0,1,0
2020,0,0,1,1
2021,0,0,1,1
2022,0,0,1,0
2023,0,0,1,0
2024,0,0,1,1
2025,1,0,0,1
2026,0,0,1,1
2027,0,0,1,1
2028,0,0,1,1
2029,0,0,1,1
2030,0,0,1,1
2031,1,0,1,0
2032,0,1,1,1
2033,1,0,0,1
2034,1,0,0,0
2035,1,0,1,0
2036,0,0,1,1
2037,0,0,1,1
2038,0,0,1,1
2039,1,0,0,1
2040,0,0,1,0
2041,1,0,1,0
2042,0,0,1,1
2043,0,0,1,0
2044,1,1,0,1
2045,0,0,1,0
2046,1,0,0,0
2047,0,0,1,0
2048,1,0,0,1
2049,0,0,1,1
2050,0,0,1,1
2051,0,0,1,1
2052,0,0,1,1
2053,0,0,1,1
2054,0,0,1,0
2055,0,0,1,0
2056,1,0,1,0
2057,1,0,0,1
2058,1,0,0,1
2059,0,0,1,1
2060,0,1,1,0
2061,1,0,1,1
2062,1,0,0,1
2063,0,0,1,1
2064,0,0,1,1
2065,0,0,1,0
2066,0,0,1,1
2067,1,0,0,1
2068,1,0,1,0
2069,1,0,1,0
2070,1,0,0,1
2071,0,0,1,1
2072,0,0,1,0
2073,1,0,0,1
2074,0,0,1,1
2075,1,0,0,0
2076,0,1,0,1
2077,1,1,0,0
2078,0,0,1,1
2079,0,1,0,1
2080,1,0,0,1
2081,0,0,1,1
2082,0,1,0,1
2083,0,0,1,1
2084,1,0,1,0
2085,0,0,1,1
2086,0,0,1,1
2087,1,0,1,1
2088,1,0,0,0
2089,0,1,0,1
2090,1,0,0,1
2091,0,0,1,0
2092,0,0,1,1
2093,0,0,1,1
2094,1,0,1,0
2095,0,0,1,1
2096,1,0,1,0
2097,0,0,1,1
2098,0,0,1,1
2099,1,0,1,0
2100,0,0,1,1
2101,1,0,1,0
2102,0,0,1,1
2103,0,0,1,1
2104,0,0,1,0
2105,0,0,1,1
2106,1,0,0,0
2107,1,1,0,0
2108,0,0,1,1
2109,0,0,1,0
2110,0,0,1,0
2111,0,0,1,1
2112,0,1,0,0
2113,0,0,1,1
2114,0,1,1,0
2115,0,0,1,1
2116,1,1,0,0
2117,0,0,1,1
2118,1,1,0,0
2119,0,1,1,0
2120,0,0,1,1
2121,1,0,0,1
2122,1,0,0,1
2123,1,0,1,1
2124,1,0,1,0
2125,0,0,1,0
2126,1,0,0,1
2127,0,0,1,0
2128,0,1,1,1
2129,1,0,0,0
2130,0,0,1,1
2131,0,0,1,0
2132,0,0,1,1
2133,0,0,1,1
2134,0,0,1,1
2135,0,0,1,1
2136,0,0,1,0
2137,0,0,1,1
2138,0,0,1,0
2139,1,0,1,0
2140,0,0,1,0
2141,0,0,1,1
2142,0,0,1,1
2143,1,0,0,1
2144,0,0,1,1
2145,0,0,1,0
2146,0,0,1,1
2147,1,1,0,0
2148,1,0,1,0
2149,1,0,0,1
2150,1,0,0,1
2151,0,0,1,0
2152,1,0,0,1
2153,0,0,1,1
2154,0,0,1,1
2155,1,0,1,0
2156,0,0,1,0
2157,1,0,0,1
2158,0,0,1,0
2159,0,0,1,1
2160,1,1,0,0
2161,0,0,1,1
2162,0,0,1,1
2163,1,0,1,0
2164,0,0,1,1
2165,1,0,0,1
2166,0,1,1,0
2167,0,0,1,1
2168,0,0,1,1
2169,1,0,0,1
2170,0,0,1,1
2171,1,1,0,1
2172,1,0,1,0
2173,0,0,1,0
2174,0,0,1,1
2175,0,0,1,1
2176,0,0,1,0
2177,1,0,1,0
2178,0,0,1,0
2179,0,0,1,1
2180,1,0,1,0
2181,1,0,0,1
2182,1,1,0,1
2183,1,0,1,0
2184,0,0,1,0
2185,0,0,1,1
2186,1,0,0,1
2187,1,0,1,0
2188,1,0,1,0
2189,1,0,0,0
2190,1,1,0,0
2191,1,0,0,1
2192,1,0,1,1
2193,1,0,0,1
2194,0,0,1,1
2195,0,0,1,0
2196,0,0,1,1
2197,0,0,1,0
2198,0,1,1,0
2199,0,0,1,0
2200,1,0,0,1
2201,0,0,1,1
2202,0,0,1,1
2203,1,0,1,0
2204,0,0,1,0
2205,0,0,1,0
2206,1,1,0,0
2207,0,1,1,0
2208,0,0,1,0
2209,0,0,1,1
2210,0,0,1,0
2211,0,1,1,0
2212,1,0,1,0
2213,0,0,1,1
2214,0,0,1,0
2215,0,0,1,1
2216,1,1,0,0
2217,0,0,1,0
2218,0,1,1,0
2219,0,0,1,1
2220,0,0,1,1
2221,0,0,1,1
2222,0,0,1,0
2223,1,0,0,1
2224,0,0,1,0
2225,0,0,1,0
2226,1,0,1,1
2227,0,0,1,1
2228,1,0,1,0
2229,0,0,1,1
2230,0,0,1,1
2231,0,0,1,1
2232,1,1,0,0
2233,0,0,1,0
2234,0,0,1,1
2235,1,0,1,1
2236,0,0,1,1
2237,1,0,1,0
2238,0,0,1,1
2239,0,0,1,0
2240,0,0,1,0
2241,0,0,1,1
2242,0,1,1,0
2243,0,0,1,1
2244,0,0,1,0
2245,0,1,0,0
2246,0,0,1,0
2247,1,1,0,1
2248,0,0,1,0
2249,0,0,1,0
2250,0,0,1,1
2251,0,0,1,1
2252,0,0,1,1
2253,0,0,1,0
2254,1,0,1,0
2255,0,0,1,1
2256,0,0,1,1
2257,0,0,1,0
2258,0,0,1,1
2259,0,0,1,0
2260,1,0,0,1
2261,0,0,1,1
2262,1,0,0,0
2263,0,1,0,0
2264,0,0,1,1
2265,0,0,1,0
2266,0,0,1,0
2267,0,0,1,1
2268,0,0,1,1
2269,0,0,1,1
2270,0,0,1,1
2271,0,0,1,1
2272,0,0,1,0
2273,1,1,0,1
2274,1,0,1,0
2275,0,0,1,1
2276,0,0,1,1
2277,0,0,1,1
2278,1,0,1,0
2279,1,0,0,1
2280,0,0,1,1
2281,0,0,1,0
2282,1,0,0,1
2283,1,1,0,0
2284,0,1,0,1
2285,0,0,1,1
2286,0,0,1,1
2287,1,0,1,0
2288,0,0,1,0
2289,0,0,1,0
2290,0,0,1,0
2291,1,0,0,0
2292,0,0,1,0
2293,0,0,1,0
2294,0,0,1,1
2295,0,0,1,1
2296,0,0,1,1
2297,1,0,0,0
2298,1,0,0,0
2299,0,0,1,1
2300,0,1,0,1
2301,0,0,1,1
2302,0,0,1,1
2303,0,0,1,0
2304,1,0,1,0
2305,0,0,1,1
2306,1,0,1,1
2307,1,0,0,1
2308,0,0,1,1
2309,0,0,1,1
2310,0,0,1,1
2311,0,0,1,1
2312,1,0,0,1
2313,0,0,1,1
2314,1,0,0,1
2315,0,0,1,1
2316,0,1,0,1
2317,0,0,1,1
2318,1,0,0,1
2319,0,0,1,1
2320,0,0,1,1
2321,1,1,0,0
2322,0,1,0,1
2323,0,0,1,0
2324,1,0,1,0
2325,0,0,1,0
2326,0,0,1,0
2327,0,0,1,1
2328,0,0,1,1
2329,1,0,0,1
2330,0,0,1,1
2331,0,0,1,1
2332,0,0,1,1
2333,1,0,0,1
2334,0,0,1,1
2335,1,0,0,1
2336,1,0,0,1
2337,1,0,1,0
2338,0,0,1,0
2339,0,0,1,1
2340,0,0,1,1
2341,0,0,1,0
2342,1,0,1,1
2343,0,0,1,1
2344,0,0,1,1
2345,1,0,1,0
2346,0,0,1,1
2347,1,1,0,0
2348,0,0,1,1
2349,0,0,1,1
2350,1,0,0,0
2351,1,0,1,1
2352,1,0,0,1
2353,0,0,1,0
2354,1,0,0,1
2355,0,0,1,1
2356,0,0,1,1
2357,1,0,1,1
2358,1,0,1,0
2359,0,0,1,1
2360,0,0,1,1
2361,1,0,1,0
2362,1,0,1,1
2363,0,0,1,0
2364,1,0,1,0
2365,0,1,0,1
2366,1,0,1,1
2367,0,1,1,0
2368,0,0,1,1
2369,1,0,1,1
2370,0,0,1,0
2371,0,0,1,1
2372,0,0,1,1
2373,0,0,1,1
2374,1,0,0,1
2375,0,0,1,0
2376,0,0,1,1
2377,1,0,1,1
2378,0,1,1,0
2379,1,0,0,1
2380,0,0,1,1
2381,1,0,1,0
2382,0,0,1,1
2383,0,0,1,1
2384,0,0,1,1
2385,1,0,1,1
2386,1,0,1,1
2387,0,0,1,1
2388,0,1,1,0
2389,1,0,1,1
2390,1,1,0,0
2391,0,0,1,1
2392,0,0,1,1
2393,0,1,1,0
2394,0,0,1,0
2395,0,0,1,0
2396,1,0,1,0
2397,0,0,1,1
2398,0,1,1,1
2399,1,0,0,0
2400,1,0,1,1
2401,1,0,1,0
2402,0,0,1,0
2403,0,0,1,1
2404,0,0,1,1
2405,1,0,0,1
2406,0,0,1,1
2407,1,0,0,1
2408,0,0,1,1
2409,0,0,1,0
2410,0,0,1,0
2411,1,0,0,0
2412,0,0,1,1
2413,1,1,0,1
2414,1,0,0,1
2415,0,0,1,1
2416,0,0,1,0
2417,1,1,0,0
2418,0,0,1,1
2419,0,0,1,1
2420,0,0,1,1
2421,1,0,1,1
2422,0,0,1,1
2423,0,0,1,1
2424,0,0,1,1
2425,1,0,0,0
2426,0,0,1,1
2427,0,0,1,1
2428,1,0,1,0
2429,0,0,1,1
2430,1,0,0,0
2431,0,0,1,1
2432,0,1,0,1
2433,0,0,1,1
2434,0,0,1,1
2435,0,0,1,1
2436,0,0,1,1
2437,0,0,1,0
2438,0,0,1,0
2439,0,0,1,1
2440,0,0,1,0
2441,0,0,1,1
2442,0,0,1,1
2443,0,0,1,0
2444,1,1,0,0
2445,1,0,0,0
2446,0,0,1,0
2447,1,0,0,0
2448,0,0,1,1
2449,0,0,1,1
2450,0,0,1,1
2451,1,0,1,0
2452,0,0,1,1
2453,0,0,1,1
2454,1,0,1,1
2455,0,0,1,0
2456,0,1,1,0
2457,1,0,0,1
2458,0,0,1,1
2459,0,0,1,1
2460,0,1,0,1
2461,0,0,1,0
2462,1,0,0,1
2463,0,0,1,0
2464,0,0,1,1
2465,1,1,0,0
2466,0,0,1,1
2467,1,0,1,1
2468,1,0,1,0
2469,0,0,1,1
2470,0,0,1,1
2471,0,0,1,1
2472,1,0,1,0
2473,0,0,1,1
2474,0,0,1,1
2475,1,0,0,1
2476,0,0,1,1
2477,1,0,0,1
2478,0,0,1,0
2479,1,0,0,1
2480,0,0,1,1
2481,0,0,1,1
2482,1,0,0,1
2483,0,0,1,0
2484,1,0,1,0
2485,0,0,1,0
2486,0,0,1,1
2487,0,0,1,0
2488,0,0,1,0
2489,0,0,1,1
2490,0,0,1,1
2491,1,0,1,0
2492,0,0,1,0
2493,0,1,1,0
2494,1,0,1,0
2495,0,0,1,1
2496,0,0,1,0
2497,0,0,1,0
2498,0,0,1,0
2499,1,0,1,0
2500,0,0,1,1
2501,0,0,1,1
2502,1,0,0,1
2503,1,0,1,0
2504,0,0,1,1
2505,1,0,0,0
2506,0,0,1,1
2507,1,0,1,0
2508,1,0,0,1
2509,0,0,1,1
2510,0,0,1,1
2511,1,0,1,0
2512,1,1,0,0
2513,0,0,1,1
2514,0,0,1,1
2515,0,0,1,1
2516,0,0,1,0
2517,0,0,1,1
2518,1,0,1,0
2519,0,0,1,1
2520,0,0,1,0
2521,0,0,1,1
2522,0,0,1,1
2523,1,0,1,1
2524,0,0,1,1
2525,1,0,0,1
2526,0,0,1,0
2527,0,0,1,1
2528,1,1,0,0
2529,0,0,1,0
2530,0,0,1,0
2531,0,0,1,1
2532,0,1,1,1
2533,0,0,1,0
2534,0,0,1,1
2535,0,0,1,1
2536,0,0,1,1
2537,0,0,1,0
2538,0,1,0,1
2539,1,0,0,0
2540,0,0,1,0
2541,0,0,1,0
2542,0,0,1,1
2543,0,0,1,1
2544,1,0,0,1
2545,1,0,0,1
2546,0,0,1,1
2547,0,0,1,0
2548,0,0,1,0
2549,1,0,1,0
2550,0,0,1,0
2551,0,1,0,1
2552,0,0,1,1
2553,0,0,1,1
2554,0,0,1,0
2555,0,0,1,1
2556,0,0,1,1
2557,1,0,0,1
2558,0,1,1,0
2559,0,1,1,1
2560,0,0,1,0
2561,0,0,1,0
2562,1,0,0,0
2563,0,1,0,1
2564,0,0,1,1
2565,1,0,0,1
2566,0,0,1,0
2567,0,0,1,1
2568,0,0,1,1
2569,0,0,1,0
2570,0,0,1,1
2571,0,0,1,0
2572,1,0,0,1
2573,0,0,1,1
2574,0,0,1,0
2575,1,1,0,1
2576,1,0,0,1
2577,0,0,1,0
2578,1,0,1,0
2579,0,0,1,1
2580,0,0,1,1
2581,0,0,1,0
2582,1,0,1,0
2583,0,0,1,1
2584,1,1,0,0
2585,0,1,0,0
2586,1,0,1,1
2587,1,1,0,0
2588,0,0,1,1
2589,1,0,1,0
2590,0,0,1,1
2591,0,0,1,1
2592,1,0,0,1
2593,0,0,1,1
2594,0,0,1,0
2595,1,0,0,1
2596,0,0,1,0
2597,0,0,1,1
2598,1,0,0,1
2599,0,0,1,1
2600,1,0,1,0
2601,0,0,1,0
2602,1,0,0,0
2603,1,1,0,1
2604,0,0,1,0
2605,0,0,1,1
2606,0,0,1,1
2607,0,0,1,1
2608,0,1,0,1
2609,1,0,1,0
2610,1,1,0,1
2611,0,0,1,1
2612,1,0,0,0
2613,0,0,1,1
2614,0,0,1,1
2615,0,0,1,0
2616,0,0,1,0
2617,1,0,1,0
2618,0,0,1,1
2619,0,0,1,1
2620,0,0,1,0
2621,0,0,1,0
2622,0,0,1,0
2623,1,0,1,0
2624,0,0,1,0
2625,0,0,1,1
2626,0,0,1,1
2627,0,0,1,0
2628,1,0,0,0
2629,0,0,1,0
2630,0,0,1,1
2631,0,0,1,1
2632,1,0,0,0
2633,0,0,1,1
2634,1,0,1,0
2635,0,0,1,0
2636,1,0,1,1
2637,0,0,1,1
2638,1,0,0,1
2639,0,1,0,1
2640,0,0,1,1
2641,1,0,0,1
2642,0,0,1,0
2643,1,0,0,1
2644,1,0,0,1
2645,0,0,1,0
2646,1,0,1,1
2647,0,0,1,0
2648,0,0,1,0
2649,0,0,1,1
2650,0,0,1,0
2651,0,0,1,1
2652,1,0,0,1
2653,0,0,1,1
2654,1,1,0,0
2655,1,1,0,0
2656,0,0,1,1
2657,0,0,1,1
2658,0,0,1,1
2659,0,0,1,0
2660,1,0,0,1
2661,0,0,1,0
2662,0,0,1,1
2663,0,0,1,0
2664,0,0,1,1
2665,1,0,1,0
2666,0,0,1,0
2667,0,0,1,1
2668,0,0,1,1
2669,0,0,1,0
2670,0,0,1,1
2671,0,0,1,1
2672,0,0,1,1
2673,0,0,1,1
2674,0,0,1,0
2675,0,0,1,0
2676,1,0,0,0
2677,1,0,0,1
2678,0,0,1,1
2679,0,0,1,1
2680,0,0,1,0
2681,1,0,1,0
2682,1,0,1,1
2683,0,0,1,1
2684,0,0,1,1
2685,0,0,1,1
2686,0,0,1,1
2687,0,1,1,0
2688,0,0,1,1
2689,0,0,1,1
2690,1,0,1,1
2691,1,0,0,1
2692,1,0,0,0
2693,0,0,1,0
2694,1,0,0,1
2695,0,0,1,1
2696,0,0,1,1
2697,0,0,1,0
2698,1,0,1,0
2699,1,0,1,0
2700,0,0,1,1
2701,1,0,1,0
2702,1,0,0,0
2703,1,0,0,1
2704,0,0,1,0
2705,0,0,1,0
2706,1,0,0,1
2707,0,0,1,1
2708,0,0,1,0
2709,0,0,1,1
2710,1,0,0,0
2711,0,0,1,1
2712,1,0,0,1
2713,1,0,0,0
2714,0,0,1,1
2715,0,0,1,1
2716,0,1,0,0
2717,0,0,1,0
2718,0,0,1,0
2719,0,0,1,0
2720,0,1,1,0
2721,0,0,1,1
2722,1,0,0,1
2723,1,0,1,1
2724,0,0,1,1
2725,0,0,1,0
2726,0,0,1,1
2727,1,0,1,0
2728,1,0,1,0
2729,0,0,1,0
2730,0,0,1,1
2731,1,1,0,1
2732,1,0,0,1
2733,0,0,1,1
2734,1,0,1,0
2735,0,0,1,1
2736,0,0,1,0
2737,1,0,1,0
2738,1,0,1,0
2739,1,0,1,1
2740,0,0,1,1
2741,1,0,0,0
2742,1,0,1,1
2743,0,0,1,0
2744,1,0,0,1
2745,0,0,1,0
2746,1,0,1,0
2747,0,0,1,0
2748,0,0,1,0
2749,0,0,1,1
2750,0,0,1,0
2751,1,0,0,0
2752,0,0,1,1
2753,0,0,1,1
2754,1,0,0,1
2755,0,0,1,1
2756,0,0,1,1
2757,0,0,1,1
2758,0,0,1,0
2759,0,0,1,1
2760,1,0,0,0
2761,0,0,1,1
2762,0,0,1,0
2763,1,0,0,1
2764,1,0,1,1
2765,0,0,1,0
2766,0,0,1,0
2767,0,0,1,1
2768,0,0,1,1
2769,0,0,1,1
2770,0,0,1,1
2771,1,0,0,1
2772,0,0,1,1
2773,1,0,1,0
2774,0,0,1,0
2775,0,0,1,0
2776,0,1,0,1
2777,0,1,1,0
2778,0,0,1,1
2779,1,0,0,1
2780,1,1,0,0
2781,0,0,1,1
2782,1,0,1,1
2783,0,0,1,0
2784,1,0,1,1
2785,0,1,1,1
2786,0,0,1,1
2787,0,0,1,1
2788,1,0,1,1
2789,0,0,1,0
2790,0,0,1,0
2791,0,1,0,0
2792,1,0,0,0
2793,0,0,1,1
2794,1,0,1,0
2795,0,0,1,1
2796,0,0,1,1
2797,0,0,1,1
2798,0,0,1,1
2799,0,0,1,1
2800,1,0,0,1
2801,0,0,1,1
2802,0,0,1,0
2803,1,0,1,1
2804,0,0,1,1
2805,0,0,1,0
2806,1,0,1,0
2807,1,1,0,0
2808,0,0,1,1
2809,0,0,1,1
2810,0,0,1,1
2811,0,0,1,1
2812,1,1,0,0
2813,0,0,1,0
2814,1,0,1,0
2815,1,0,1,0
2816,0,0,1,1
2817,0,0,1,1
2818,0,0,1,1
2819,1,0,0,0
2820,1,0,0,0
2821,0,0,1,1
2822,0,0,1,1
2823,0,0,1,1
2824,0,0,1,1
2825,0,0,1,1
2826,0,0,1,0
2827,1,0,1,0
2828,0,0,1,0
2829,0,0,1,0
2830,1,0,1,0
2831,0,0,1,1
2832,0,0,1,0
2833,1,0,1,1
2834,0,0,1,1
2835,0,0,1,1
2836,1,0,1,0
2837,0,0,1,0
2838,0,0,1,1
2839,1,1,0,1
2840,0,0,1,0
2841,0,0,1,1
2842,1,0,1,1
2843,0,0,1,1
2844,0,0,1,1
2845,0,0,1,1
2846,1,0,1,1
2847,1,0,0,0
2848,0,0,1,1
2849,1,0,1,1
2850,0,0,1,1
2851,0,0,1,0
2852,0,1,1,1
2853,1,0,0,1
2854,0,1,0,0
2855,0,0,1,0
2856,0,0,1,1
2857,1,0,0,1
2858,0,1,1,1
2859,1,0,0,1
2860,0,0,1,1
2861,0,0,1,0
2862,1,0,1,0
2863,0,0,1,0
2864,1,0,1,0
2865,0,0,1,1
2866,1,0,1,1
2867,1,0,1,0
2868,0,0,1,1
2869,0,0,1,0
2870,0,0,1,1
2871,0,0,1,1
2872,0,0,1,1
2873,0,0,1,1
2874,0,0,1,1
2875,0,0,1,0
2876,1,0,0,1
2877,0,0,1,1
2878,0,0,1,1
2879,1,0,1,0
2880,1,0,1,0
2881,0,0,1,1
2882,0,0,1,0
2883,1,0,0,0
2884,0,0,1,1
2885,0,0,1,1
2886,0,0,1,1
2887,0,0,1,1
2888,0,0,1,0
2889,0,0,1,1
2890,1,0,0,1
2891,1,0,0,1
2892,0,0,1,1
2893,1,0,0,1
2894,0,0,1,1
2895,0,0,1,1
2896,0,1,0,0
2897,1,0,1,0
2898,0,0,1,1
2899,1,0,1,0
2900,1,0,0,1
2901,0,1,1,1
2902,0,1,0,0
2903,0,0,1,1
2904,1,0,1,1
2905,0,0,1,1
2906,0,0,1,1
2907,0,0,1,1
2908,0,0,1,1
2909,0,0,1,1
2910,0,0,1,1
2911,0,0,1,0
2912,1,0,1,0
2913,1,0,1,0
2914,0,0,1,0
2915,0,0,1,1
2916,0,0,1,1
2917,0,0,1,1
2918,0,0,1,1
2919,0,1,0,1
2920,0,0,1,0
2921,0,0,1,1
2922,0,1,1,1
2923,1,0,0,0
2924,0,0,1,1
2925,0,0,1,1
2926,0,0,1,1
2927,1,0,0,1
2928,1,0,1,0
2929,0,0,1,1
2930,0,0,1,1
2931,0,0,1,1
2932,1,0,0,0
2933,0,1,1,0
2934,1,0,1,0
2935,1,0,0,0
2936,0,0,1,0
2937,0,0,1,0
2938,0,0,1,1
2939,1,0,0,1
2940,0,0,1,1
2941,0,0,1,1
2942,0,0,1,1
2943,1,0,0,1
2944,0,1,0,0
2945,0,0,1,1
2946,0,1,1,1
2947,0,0,1,1
2948,1,1,0,0
2949,0,0,1,1
2950,0,1,0,1
2951,0,1,1,1
2952,0,1,1,0
2953,1,0,1,1
2954,0,1,0,1
2955,1,0,0,1
2956,0,0,1,1
2957,1,0,0,0
2958,1,0,0,1
2959,0,0,1,1
2960,1,0,0,1
2961,0,0,1,0
2962,1,0,1,0
2963,1,0,0,0
2964,0,0,1,1
2965,0,0,1,0
2966,0,0,1,1
2967,0,0,1,1
2968,0,0,1,0
2969,0,0,1,1
2970,0,0,1,1
2971,0,0,1,0
2972,0,0,1,0
2973,0,0,1,1
2974,0,0,1,0
2975,0,0,1,1
2976,0,0,1,1
2977,0,0,1,1
2978,0,0,1,1
2979,0,0,1,0
2980,1,0,0,1
2981,1,0,0,1
2982,0,0,1,0
2983,0,0,1,1
2984,1,1,0,0
2985,0,1,1,0
2986,0,0,1,1
2987,1,1,0,0
2988,1,0,0,1
2989,1,0,0,1
2990,0,1,0,1
2991,1,1,0,0
2992,1,1,0,0
2993,0,0,1,1
2994,0,0,1,0
2995,0,1,0,1
2996,0,0,1,1
2997,0,0,1,1
2998,0,0,1,1
2999,0,0,1,1
3000,0,0,1,0
3001,0,0,1,1
3002,0,0,1,0
3003,1,0,0,1
3004,0,0,1,1
3005,0,0,1,1
3006,0,0,1,1
3007,1,0,0,0
3008,0,0,1,0
3009,0,1,0,1
3010,0,0,1,1
3011,0,0,1,1
3012,1,0,0,1
3013,0,0,1,1
3014,1,0,0,1
3015,0,0,1,0
3016,0,0,1,0
3017,1,0,0,0
3018,1,0,1,1
3019,1,0,1,0
3020,0,0,1,1
3021,0,0,1,1
3022,0,0,1,1
3023,0,0,1,1
3024,0,0,1,1
3025,1,0,0,1
3026,0,0,1,0
3027,0,0,1,0
3028,0,0,1,1
3029,0,1,1,1
3030,0,0,1,0
3031,0,0,1,1
3032,1,0,0,1
3033,0,0,1,1
3034,0,0,1,1
3035,0,0,1,1
3036,0,0,1,0
3037,0,0,1,1
3038,0,0,1,1
3039,0,1,0,1
3040,0,0,1,0
3041,1,0,0,1
3042,0,0,1,1
3043,0,0,1,0
3044,1,0,0,0
3045,1,0,0,0
3046,0,0,1,1
3047,0,0,1,0
3048,1,0,0,1
3049,1,1,0,0
3050,0,0,1,1
3051,0,0,1,1
3052,0,0,1,1
3053,0,1,1,1
3054,1,0,0,0
3055,1,1,0,0
3056,0,0,1,0
3057,1,0,1,0
3058,1,0,1,1
3059,1,0,0,1
3060,1,0,1,0
3061,0,0,1,0
3062,1,0,0,1
3063,1,0,0,1
3064,1,0,0,0
3065,1,0,0,0
3066,1,0,0,0
3067,0,0,1,1
3068,0,0,1,0
3069,0,0,1,0
3070,1,0,1,0
3071,0,0,1,1
3072,0,0,1,1
3073,0,0,1,0
3074,1,0,1,0
3075,1,0,1,0
3076,0,0,1,1
3077,1,0,0,0
3078,1,0,0,1
3079,1,0,1,0
3080,0,1,1,1
3081,1,0,0,1
3082,0,1,1,1
3083,1,0,0,0
3084,0,0,1,1
3085,0,1,0,1
3086,0,0,1,1
3087,0,0,1,0
3088,1,0,1,0
3089,0,0,1,0
3090,0,0,1,0
3091,0,0,1,1
3092,0,0,1,0
3093,0,0,1,1
3094,1,0,1,0
3095,0,0,1,1
3096,1,0,0,1
3097,0,0,1,0
3098,0,0,1,0
3099,0,0,1,1
3100,1,0,0,1
3101,0,0,1,0
3102,0,0,1,1
3103,1,0,0,0
3104,1,0,1,0
3105,0,0,1,1
3106,0,0,1,0
3107,1,0,0,1
3108,1,0,1,0
3109,1,0,1,0
3110,1,0,1,1
3111,0,0,1,0
3112,0,1,0,1
3113,1,0,0,1
3114,1,0,0,1
3115,1,0,1,1
3116,1,0,1,0
3117,0,0,1,1
3118,1,0,1,1
3119,1,0,0,1
3120,0,0,1,1
3121,0,0,1,1
3122,0,0,1,1
3123,0,0,1,1
3124,0,0,1,1
3125,0,0,1,0
3126,0,1,1,1
3127,0,0,1,1
3128,0,1,1,0
3129,1,0,1,0
3130,0,0,1,0
3131,1,0,0,1
3132,0,0,1,1
3133,0,0,1,1
3134,1,0,1,1
3135,1,0,0,1
3136,0,0,1,0
3137,1,0,1,0
3138,0,0,1,0
3139,0,1,0,1
3140,0,1,1,0
3141,0,0,1,1
3142,0,0,1,1
3143,0,0,1,1
3144,0,0,1,1
3145,0,0,1,0
3146,0,0,1,1
3147,0,0,1,0
3148,0,0,1,0
3149,0,0,1,1
3150,0,0,1,1
3151,0,0,1,1
3152,0,0,1,0
3153,0,0,1,1
3154,1,0,0,1
3155,1,0,1,0
3156,0,0,1,1
3157,1,1,0,0
3158,0,0,1,0
3159,0,0,1,0
3160,1,0,0,1
3161,0,0,1,1
3162,0,0,1,1
3163,0,0,1,1
3164,0,0,1,1
3165,0,0,1,0
3166,0,0,1,1
3167,0,0,1,0
3168,1,0,0,1
3169,0,0,1,0
3170,0,0,1,0
3171,1,0,0,1
3172,0,0,1,1
3173,0,0,1,0
3174,0,1,1,1
3175,1,0,1,1
3176,0,1,1,1
3177,0,0,1,1
3178,1,0,1,0
3179,0,0,1,0
3180,1,0,1,0
3181,0,0,1,0
3182,0,0,1,1
3183,0,1,1,0
3184,0,0,1,0
3185,0,0,1,0
3186,0,0,1,1
3187,0,0,1,1
3188,1,0,1,0
3189,1,1,0,0
3190,1,0,0,0
3191,0,0,1,0
3192,0,0,1,0
3193,0,0,1,0
3194,0,0,1,1
3195,0,0,1,0
3196,1,1,0,0
3197,0,0,1,1
3198,0,0,1,0
3199,0,0,1,1
3200,0,0,1,1
3201,0,0,1,1
3202,1,0,1,0
3203,1,0,1,0
3204,0,0,1,1
3205,1,0,0,0
3206,0,1,0,1
3207,1,0,1,0
3208,0,0,1,1
3209,0,0,1,1
3210,0,0,1,1
3211,0,0,1,1
3212,0,0,1,1
3213,0,0,1,0
3214,0,0,1,1
3215,0,0,1,1
3216,0,0,1,1
3217,0,0,1,0
3218,1,0,1,1
3219,0,0,1,1
3220,0,0,1,1
3221,1,0,0,1
3222,1,0,1,0
3223,0,0,1,0
3224,1,0,1,1
3225,1,0,1,1
3226,0,0,1,1
3227,0,0,1,0
3228,0,0,1,1
3229,1,0,0,1
3230,1,0,1,0
3231,0,0,1,1
3232,1,0,1,0
3233,0,0,1,1
3234,0,0,1,0
3235,1,0,0,0
3236,0,0,1,0
3237,0,0,1,1
3238,1,0,1,0
3239,0,0,1,0
3240,1,0,0,0
3241,0,0,1,1
3242,0,0,1,0
3243,0,0,1,1
3244,0,0,1,1
3245,0,0,1,1
3246,0,0,1,0
3247,0,0,1,1
3248,0,0,1,0
3249,0,0,1,1
3250,1,0,1,1
3251,1,0,0,1
3252,1,0,1,0
3253,0,0,1,1
3254,0,0,1,0
3255,0,0,1,0
3256,1,0,0,1
3257,0,0,1,1
3258,0,0,1,1
3259,1,0,0,1
3260,1,0,0,1
3261,0,0,1,1
3262,1,1,0,0
3263,0,0,1,1
3264,0,0,1,1
3265,0,0,1,0
3266,1,0,0,1
3267,1,0,1,0
3268,1,0,0,1
3269,0,0,1,1
3270,1,0,0,0
3271,1,0,1,0
3272,0,0,1,0
3273,1,0,1,0
3274,0,0,1,1
3275,0,0,1,1
3276,1,0,0,1
3277,0,0,1,1
3278,0,0,1,0
3279,0,0,1,0
3280,0,0,1,1
3281,0,0,1,1
3282,0,0,1,0
3283,0,0,1,1
3284,0,0,1,1
3285,0,0,1,1
3286,0,0,1,0
3287,0,1,0,1
3288,1,0,1,0
3289,0,0,1,1
3290,0,0,1,0
3291,0,0,1,0
3292,0,0,1,1
3293,0,1,1,1
3294,0,0,1,0
3295,1,0,1,0
3296,0,1,1,1
3297,1,1,0,1
3298,0,0,1,1
3299,1,0,0,1
3300,1,0,0,1
3301,0,0,1,0
3302,1,0,0,1
3303,1,0,0,1
3304,1,0,0,1
3305,0,0,1,1
3306,1,0,1,0
3307,0,0,1,0
3308,1,0,0,0
3309,0,1,0,0
3310,0,0,1,1
3311,1,0,1,0
3312,0,0,1,1
3313,0,0,1,0
3314,0,0,1,1
3315,0,0,1,1
3316,0,0,1,1
3317,1,0,0,1
3318,1,0,1,1
3319,0,0,1,1
3320,0,0,1,1
3321,1,1,0,0
3322,0,0,1,0
3323,1,0,0,1
3324,1,0,0,0
3325,0,0,1,1
3326,0,0,1,1
3327,1,0,0,0
3328,1,0,1,1
3329,0,0,1,1
3330,1,1,0,0
3331,0,0,1,1
3332,0,0,1,1
3333,0,0,1,0
3334,0,0,1,0
3335,0,0,1,0
3336,0,0,1,1
3337,0,0,1,0
3338,0,0,1,1
3339,1,0,1,1
3340,0,0,1,1
3341,1,0,1,0
3342,0,0,1,0
3343,0,0,1,0
3344,0,0,1,1
3345,0,0,1,0
3346,1,0,0,0
3347,0,0,1,0
3348,0,0,1,1
3349,1,0,1,0
3350,0,0,1,0
3351,1,0,0,0
3352,0,0,1,1
3353,0,0,1,1
3354,0,0,1,1
3355,0,0,1,1
3356,1,0,1,0
3357,0,0,1,1
3358,0,0,1,1
3359,1,0,1,0
3360,0,0,1,1
3361,1,0,1,0
3362,0,0,1,1
3363,0,0,1,1
3364,1,0,1,0
3365,1,0,0,1
3366,0,0,1,1
3367,0,1,0,0
3368,0,0,1,1
3369,0,0,1,1
3370,0,0,1,0
3371,0,0,1,1
3372,1,0,1,1
3373,0,0,1,1
3374,1,0,1,0
3375,1,0,0,1
3376,1,0,0,1
3377,0,0,1,1
3378,0,0,1,0
3379,0,0,1,1
3380,0,0,1,1
3381,0,0,1,1
3382,0,1,1,1
3383,0,0,1,0
3384,1,1,0,1
3385,0,0,1,0
3386,1,0,0,1
3387,1,0,0,1
3388,1,0,1,0
3389,1,1,0,0
3390,0,0,1,0
3391,0,1,0,1
3392,0,0,1,0
3393,0,0,1,1
3394,1,0,1,0
3395,0,0,1,0
3396,0,0,1,1
3397,0,0,1,1
3398,0,0,1,1
3399,1,0,1,0
3400,0,0,1,1
3401,1,0,0,1
3402,0,0,1,1
3403,0,0,1,1
3404,0,0,1,0
3405,0,0,1,0
3406,0,0,1,0
3407,0,0,1,1
3408,0,0,1,0
3409,0,0,1,1
3410,1,1,0,0
3411,0,1,0,1
3412,1,1,0,0
3413,0,0,1,0
3414,0,1,1,1
3415,1,0,0,0
3416,0,0,1,1
3417,0,0,1,1
3418,1,0,1,1
3419,1,1,0,0
3420,0,0,1,1
3421,0,0,1,1
3422,0,0,1,1
3423,0,0,1,1
3424,1,0,0,1
3425,0,0,1,1
3426,0,1,0,1
3427,0,1,1,1
3428,0,1,1,0
3429,0,0,1,1
3430,1,0,0,1
3431,0,0,1,1
3432,1,0,0,1
3433,0,0,1,1
3434,1,0,0,1
3435,0,0,1,0
3436,1,0,0,0
3437,0,0,1,0
3438,0,0,1,1
3439,0,0,1,1
3440,0,0,1,0
3441,0,0,1,1
3442,1,0,0,0
3443,0,1,1,0
3444,1,0,1,0
3445,0,0,1,1
3446,0,0,1,0
3447,1,0,1,0
3448,1,0,1,1
3449,0,0,1,1
3450,1,0,0,0
3451,0,0,1,1
3452,0,0,1,1
3453,0,0,1,0
3454,1,0,1,0
3455,0,0,1,0
3456,0,0,1,0
3457,0,0,1,0
3458,1,0,1,0
3459,0,0,1,1
3460,0,0,1,1
3461,1,0,1,0
3462,0,0,1,1
3463,0,0,1,1
3464,0,0,1,1
3465,0,0,1,0
3466,0,1,1,1
3467,1,0,0,1
3468,0,0,1,1
3469,0,0,1,1
3470,0,0,1,0
3471,1,0,0,1
3472,0,0,1,1
3473,0,0,1,1
3474,0,0,1,1
3475,0,0,1,1
3476,0,0,1,0
3477,0,0,1,1
3478,0,0,1,1
3479,0,0,1,1
3480,0,1,0,0
3481,1,0,1,1
3482,0,0,1,0
3483,0,0,1,1
3484,0,0,1,1
3485,0,0,1,1
3486,0,0,1,0
3487,0,0,1,0
3488,1,0,0,0
3489,0,0,1,1
3490,0,0,1,0
3491,0,0,1,1
3492,0,0,1,1
3493,1,0,1,1
3494,0,1,1,1
3495,0,0,1,0
3496,0,0,1,0
3497,0,0,1,0
3498,0,0,1,1
3499,0,0,1,1
3500,0,0,1,1
3501,0,0,1,1
3502,0,0,1,1
3503,0,0,1,1
3504,1,0,0,1
3505,1,1,0,1
3506,0,0,1,0
3507,0,1,1,0
3508,0,0,1,1
3509,0,0,1,1
3510,1,0,0,0
3511,1,0,1,0
3512,0,0,1,1
3513,1,0,1,1
3514,0,0,1,0
3515,1,0,0,0
3516,0,0,1,1
3517,0,0,1,0
3518,0,0,1,1
3519,0,0,1,1
3520,0,0,1,0
3521,0,0,1,0
3522,0,0,1,1
3523,0,0,1,1
3524,0,0,1,0
3525,0,0,1,1
3526,0,0,1,1
3527,1,0,1,1
3528,1,0,0,1
3529,0,0,1,0
3530,0,0,1,1
3531,0,1,0,1
3532,1,0,1,0
3533,0,0,1,1
3534,0,0,1,1
3535,1,1,0,1
3536,0,0,1,1
3537,0,0,1,0
3538,0,0,1,0
3539,0,0,1,1
3540,0,0,1,1
3541,0,1,1,1
3542,0,0,1,1
3543,1,0,1,0
3544,0,0,1,0
3545,0,1,0,1
3546,0,0,1,1
3547,1,0,0,0
3548,0,0,1,1
3549,0,0,1,1
3550,0,0,1,1
3551,0,0,1,1
3552,0,0,1,1
3553,1,0,0,0
3554,1,0,0,1
3555,0,0,1,1
3556,0,0,1,1
3557,0,0,1,1
3558,0,1,0,0
3559,0,0,1,1
3560,1,0,0,1
3561,0,0,1,1
3562,0,0,1,1
3563,0,0,1,0
3564,0,0,1,1
3565,1,0,1,0
3566,0,0,1,1
3567,0,0,1,1
3568,1,0,0,0
3569,1,0,0,0
3570,1,0,0,1
3571,1,0,0,0
3572,1,0,0,1
3573,0,0,1,0
3574,0,0,1,0
3575,0,0,1,1
3576,0,0,1,1
3577,1,0,1,0
3578,1,1,0,1
3579,0,0,1,0
3580,1,0,0,1
3581,0,0,1,0
3582,0,1,1,0
3583,0,0,1,1
3584,1,0,1,0
3585,1,0,1,0
3586,0,0,1,0
3587,1,0,1,1
3588,0,0,1,0
3589,0,0,1,1
3590,1,0,0,1
3591,0,0,1,1
3592,0,0,1,1
3593,0,0,1,1
3594,1,0,1,0
3595,1,0,1,0
3596,1,0,0,1
3597,0,0,1,0
3598,1,0,0,1
3599,1,0,0,1
3600,1,1,0,0
3601,0,0,1,1
3602,1,0,0,1
3603,0,0,1,1
3604,0,0,1,1
3605,0,0,1,1
3606,1,0,0,1
3607,1,0,1,0
3608,0,1,0,0
3609,1,0,0,1
3610,0,0,1,1
3611,1,0,0,0
3612,0,0,1,1
3613,0,0,1,1
3614,0,1,1,0
3615,1,0,0,1
3616,1,0,0,1
3617,1,0,1,0
3618,0,0,1,1
3619,0,0,1,1
3620,0,0,1,1
3621,1,1,0,0
3622,0,0,1,1
3623,0,0,1,1
3624,0,0,1,1
3625,1,0,0,1
3626,0,0,1,0
3627,0,0,1,0
3628,1,1,0,1
3629,0,0,1,1
3630,0,1,1,0
3631,0,0,1,1
3632,0,0,1,1
3633,0,1,1,0
3634,0,0,1,0
3635,1,0,1,0
3636,1,0,0,0
3637,0,1,0,0
3638,0,0,1,0
3639,1,0,0,1
3640,0,0,1,1
3641,0,0,1,1
3642,0,0,1,1
3643,1,0,1,1
3644,0,1,0,0
3645,0,0,1,1
3646,0,1,0,1
3647,1,0,1,0
3648,0,0,1,0
3649,1,1,0,0
3650,0,1,0,0
3651,0,0,1,0
3652,0,0,1,1
3653,1,0,1,1
3654,0,0,1,1
3655,0,0,1,1
3656,1,1,0,1
3657,1,1,0,0
3658,0,0,1,1
3659,0,0,1,0
3660,0,0,1,1
3661,1,0,1,0
3662,0,0,1,0
3663,0,0,1,1
3664,0,0,1,1
3665,1,0,0,1
3666,1,0,0,1
3667,0,0,1,1
3668,0,0,1,1
3669,0,0,1,0
3670,1,0,0,1
3671,1,0,0,1
3672,1,0,1,1
3673,0,1,1,1
3674,0,1,0,1
3675,1,0,0,1
3676,0,0,1,0
3677,0,0,1,1
3678,0,0,1,0
3679,1,0,1,1
3680,0,1,0,1
3681,0,1,1,0
3682,1,0,1,0
3683,0,0,1,1
3684,0,0,1,1
3685,0,0,1,0
3686,0,1,1,1
3687,1,0,0,1
3688,0,0,1,1
3689,1,0,0,0
3690,1,0,1,0
3691,0,0,1,1
3692,0,1,0,1
3693,0,0,1,1
3694,0,0,1,1
3695,0,0,1,1
3696,0,0,1,1
3697,0,0,1,1
3698,0,0,1,1
3699,0,0,1,1
3700,1,0,0,1
3701,1,0,1,0
3702,0,0,1,1
3703,0,0,1,1
3704,0,0,1,0
3705,0,0,1,0
3706,1,0,1,0
3707,0,1,0,0
3708,1,1,0,1
3709,0,1,1,0
3710,1,0,1,0
3711,0,0,1,0
3712,1,0,0,1
3713,0,0,1,1
3714,0,0,1,1
3715,0,0,1,1
3716,0,0,1,1
3717,0,0,1,0
3718,0,1,1,0
3719,0,0,1,0
3720,1,0,1,1
3721,0,0,1,1
3722,1,0,0,0
3723,0,0,1,0
3724,0,0,1,1
3725,1,0,0,1
3726,0,0,1,0
3727,0,0,1,0
3728,0,0,1,1
3729,0,0,1,1
3730,0,0,1,1
3731,0,0,1,1
3732,0,0,1,1
3733,0,0,1,0
3734,0,0,1,0
3735,0,0,1,1
3736,0,0,1,1
3737,0,0,1,1
3738,0,0,1,1
3739,1,0,1,0
3740,1,0,0,1
3741,0,1,0,0
3742,0,0,1,0
3743,0,0,1,0
3744,0,0,1,1
3745,0,0,1,0
3746,1,0,1,0
3747,0,0,1,1
3748,0,0,1,1
3749,1,0,1,1
3750,1,0,1,1
3751,0,0,1,0
3752,0,0,1,1
3753,0,0,1,0
3754,1,0,1,0
3755,0,0,1,1
3756,0,0,1,1
3757,0,0,1,0
3758,1,0,0,0
3759,0,0,1,1
3760,0,0,1,0
3761,0,0,1,1
3762,0,0,1,0
3763,0,0,1,1
3764,0,0,1,1
3765,0,0,1,0
3766,1,0,0,1
3767,0,0,1,1
3768,0,0,1,0
3769,1,0,1,0
3770,0,0,1,0
3771,1,0,0,1
3772,1,0,1,1
3773,1,0,1,0
3774,0,0,1,0
3775,0,0,1,0
3776,0,0,1,1
3777,0,0,1,1
3778,0,0,1,1
3779,0,0,1,1
3780,0,0,1,1
3781,0,0,1,0
3782,1,0,1,0
3783,1,0,1,1
3784,0,1,1,0
3785,1,0,0,0
3786,1,0,1,0
3787,0,1,0,0
3788,0,0,1,1
3789,0,0,1,0
3790,1,0,0,1
3791,1,0,0,0
3792,0,0,1,1
3793,1,0,1,1
3794,0,0,1,0
3795,0,0,1,1
3796,0,0,1,1
3797,0,0,1,0
3798,0,0,1,0
3799,0,0,1,1
3800,1,0,0,1
3801,1,1,0,0
3802,0,0,1,1
3803,1,0,0,1
3804,0,0,1,0
3805,0,0,1,1
3806,0,0,1,0
3807,0,0,1,1
3808,0,0,1,1
3809,0,0,1,1
3810,0,0,1,1
3811,0,0,1,1
3812,0,0,1,1
3813,1,0,1,0
3814,1,0,0,0
3815,1,0,1,1
3816,1,0,1,0
3817,1,0,1,0
3818,0,0,1,1
3819,0,0,1,1
3820,0,0,1,0
3821,0,0,1,1
3822,1,0,1,0
3823,0,0,1,1
3824,1,0,0,1
3825,0,0,1,1
3826,0,0,1,1
3827,0,0,1,1
3828,0,0,1,0
3829,1,0,0,1
3830,1,1,0,0
3831,1,0,1,0
3832,0,0,1,1
3833,1,0,1,1
3834,0,0,1,1
3835,1,0,1,0
3836,0,0,1,1
3837,1,0,0,1
3838,0,0,1,1
3839,0,0,1,0
3840,0,0,1,0
3841,0,0,1,0
3842,1,1,0,1
3843,0,0,1,0
3844,1,0,1,1
3845,0,0,1,1
3846,0,1,0,0
3847,1,0,1,0
3848,0,0,1,0
3849,0,0,1,1
3850,1,0,0,1
3851,1,0,1,0
3852,0,0,1,1
3853,1,1,0,1
3854,0,0,1,1
3855,0,0,1,1
3856,0,0,1,1
3857,1,0,1,1
3858,1,0,0,0
3859,0,0,1,1
3860,0,0,1,0
3861,0,0,1,1
3862,0,0,1,1
3863,1,0,0,1
3864,0,0,1,0
3865,0,0,1,1
3866,1,0,0,1
3867,1,0,1,0
3868,0,0,1,1
3869,0,0,1,1
3870,0,0,1,1
3871,0,0,1,1
3872,0,0,1,1
3873,0,0,1,1
3874,0,0,1,1
3875,0,0,1,1
3876,0,0,1,1
3877,0,0,1,1
3878,0,1,1,0
3879,0,0,1,1
3880,0,1,1,0
3881,0,1,0,1
3882,0,0,1,0
3883,0,0,1,1
3884,0,0,1,1
3885,0,0,1,1
3886,0,0,1,1
3887,0,0,1,0
3888,0,0,1,1
3889,1,1,0,0
3890,1,0,1,0
3891,1,0,1,0
3892,0,1,0,1
3893,1,1,0,0
3894,0,0,1,1
3895,1,0,1,0
3896,0,0,1,0
3897,0,0,1,1
3898,1,0,0,1
3899,0,0,1,0
3900,0,0,1,1
3901,0,0,1,1
3902,0,0,1,1
3903,0,1,0,1
3904,1,0,1,0
3905,0,0,1,0
3906,0,0,1,1
3907,0,0,1,1
3908,0,0,1,1
3909,0,1,1,0
3910,0,0,1,1
3911,0,0,1,1
3912,0,0,1,0
3913,0,0,1,1
3914,0,0,1,1
3915,0,0,1,1
3916,0,0,1,0
3917,0,0,1,0
3918,0,0,1,1
3919,1,0,1,0
3920,1,0,0,0
3921,0,0,1,0
3922,1,0,0,1
3923,0,0,1,1
3924,0,0,1,0
3925,1,0,1,0
3926,1,0,0,0
3927,0,1,1,0
3928,0,0,1,1
3929,1,1,0,0
3930,1,0,0,0
3931,0,0,1,1
3932,1,0,0,1
3933,1,0,1,0
3934,0,0,1,1
3935,0,1,0,1
3936,1,1,0,1
3937,0,0,1,0
3938,0,0,1,1
3939,0,0,1,0
3940,0,0,1,0
3941,0,0,1,0
3942,0,0,1,1
3943,0,0,1,0
3944,1,0,0,0
3945,0,0,1,0
3946,0,0,1,0
3947,0,0,1,1
3948,0,0,1,1
3949,1,0,0,1
3950,1,0,1,0
3951,1,0,1,0
3952,1,0,1,0
3953,0,0,1,1
3954,1,0,1,0
3955,1,0,0,0
3956,1,0,1,0
3957,0,0,1,1
3958,1,0,0,0
3959,0,0,1,0
3960,0,1,1,1
3961,0,0,1,0
3962,0,0,1,1
3963,0,0,1,1
3964,1,0,0,1
3965,0,0,1,1
3966,1,0,0,1
3967,1,0,0,1
3968,1,0,0,1
3969,0,0,1,1
3970,0,0,1,1
3971,0,0,1,1
3972,0,0,1,0
3973,0,0,1,1
3974,1,0,1,1
3975,0,0,1,1
3976,1,0,0,1
3977,1,0,0,1
3978,0,0,1,1
3979,0,0,1,1
3980,0,0,1,1
3981,0,0,1,1
3982,0,0,1,1
3983,0,0,1,1
3984,0,1,0,1
3985,0,0,1,1
3986,0,0,1,0
3987,0,0,1,1
3988,1,0,0,1
3989,0,0,1,1
3990,1,0,1,0
3991,0,0,1,1
3992,1,0,1,1
3993,0,0,1,0
3994,0,0,1,1
3995,1,0,0,0
3996,0,0,1,1
3997,0,0,1,1
3998,1,0,1,0
3999,0,0,1,1
4000,0,0,1,0
4001,1,0,0,1
4002,0,0,1,0
4003,0,0,1,0
4004,0,0,1,1
4005,1,0,1,0
4006,0,0,1,1
4007,1,1,0,0
4008,0,0,1,0
4009,1,0,1,0
4010,0,0,1,1
4011,1,0,1,0
4012,1,0,0,1
4013,1,0,1,0
4014,1,1,0,1
4015,0,0,1,1
4016,0,1,0,1
4017,0,0,1,1
4018,0,0,1,1
4019,0,0,1,1
4020,1,0,0,1
4021,0,0,1,0
4022,0,0,1,0
4023,0,1,0,1
4024,1,0,1,0
4025,1,0,1,1
4026,0,0,1,0
4027,0,0,1,1
4028,1,0,0,0
4029,0,0,1,1
4030,1,1,0,0
4031,0,0,1,1
4032,1,0,1,1
4033,0,0,1,1
4034,0,0,1,0
4035,1,0,1,0
4036,0,0,1,1
4037,0,0,1,0
4038,1,0,0,1
4039,0,0,1,0
4040,1,0,1,0
4041,0,0,1,1
4042,1,0,1,1
4043,1,0,1,1
4044,0,0,1,1
4045,1,0,0,1
4046,0,0,1,1
4047,0,0,1,1
4048,0,0,1,1
4049,1,0,0,1
4050,0,0,1,1
4051,0,0,1,1
4052,0,0,1,1
4053,0,0,1,1
4054,1,1,0,0
4055,1,0,1,1
4056,0,0,1,1
4057,0,1,1,0
4058,0,0,1,1
4059,0,0,1,1
4060,0,0,1,1
4061,0,0,1,0
4062,1,0,0,0
4063,0,0,1,0
4064,0,0,1,1
4065,0,0,1,0
4066,1,1,0,0
4067,0,0,1,0
4068,0,0,1,1
4069,0,0,1,0
4070,1,0,0,1
4071,1,0,1,0
4072,1,0,1,0
4073,0,0,1,0
4074,0,1,0,1
4075,0,0,1,0
4076,0,0,1,0
4077,1,0,0,0
4078,1,1,0,0
4079,0,0,1,1
4080,0,0,1,0
4081,0,0,1,1
4082,1,0,0,1
4083,0,0,1,0
4084,0,0,1,0
4085,1,0,0,1
4086,0,0,1,1
4087,0,0,1,0
4088,0,0,1,1
4089,1,1,0,0
4090,0,0,1,0
4091,0,1,1,0
4092,0,0,1,1
4093,0,0,1,1
4094,1,0,1,1
4095,0,0,1,1
4096,0,0,1,1
4097,1,1,0,0
4098,0,0,1,1
4099,0,0,1,1
4100,0,0,1,1
4101,0,0,1,0
4102,1,1,0,0
4103,0,0,1,1
4104,1,0,0,0
4105,0,0,1,1
4106,0,0,1,0
4107,1,0,1,0
4108,1,0,1,0
4109,0,0,1,0
4110,1,0,0,0
4111,0,0,1,1
4112,0,0,1,1
4113,0,0,1,1
4114,1,0,1,0
4115,0,0,1,1
4116,0,0,1,0
4117,0,1,1,0
4118,0,0,1,0
4119,0,0,1,1
4120,0,0,1,1
4121,1,0,1,0
4122,1,0,0,1
4123,0,0,1,0
4124,0,0,1,1
4125,0,0,1,0
4126,1,0,1,0
4127,0,0,1,1
4128,0,0,1,1
4129,0,0,1,1
4130,1,0,1,0
4131,0,0,1,1
4132,0,0,1,1
4133,0,0,1,1
4134,1,0,1,0
4135,1,0,1,1
4136,0,0,1,1
4137,1,0,1,0
4138,0,0,1,1
4139,0,0,1,1
4140,0,0,1,1
4141,1,0,0,1
4142,1,0,0,1
4143,1,0,0,1
4144,0,0,1,1
4145,0,0,1,1
4146,1,0,0,1
4147,0,0,1,1
4148,0,0,1,1
4149,0,0,1,1
4150,0,0,1,1
4151,1,0,1,0
4152,0,0,1,0
4153,0,1,1,0
4154,1,0,1,0
4155,1,1,0,0
4156,0,0,1,0
4157,0,0,1,1
4158,1,0,0,1
4159,1,0,1,0
4160,1,0,0,0
4161,0,0,1,0
4162,0,1,0,0
4163,0,1,0,1
4164,0,0,1,1
4165,0,0,1,1
4166,1,0,1,0
4167,0,0,1,1
4168,1,0,1,0
4169,0,1,1,0
4170,0,0,1,1
4171,0,0,1,1
4172,1,0,1,0
4173,0,0,1,1
4174,0,0,1,1
4175,0,0,1,1
4176,0,1,1,0
4177,0,1,0,0
4178,1,1,0,0
4179,0,0,1,1
4180,0,0,1,1
4181,1,0,1,0
4182,1,0,1,1
4183,0,0,1,1
4184,0,1,0,1
4185,1,0,1,1
4186,0,0,1,1
4187,0,0,1,0
4188,0,0,1,0
4189,0,0,1,1
4190,0,1,1,1
4191,0,0,1,0
4192,0,0,1,1
4193,0,0,1,0
4194,0,0,1,1
4195,0,0,1,1
4196,0,0,1,1
4197,0,0,1,0
4198,0,0,1,1
4199,0,0,1,0
4200,0,1,1,1
4201,0,0,1,1
4202,0,0,1,1
4203,1,0,0,1
4204,0,0,1,0
4205,1,0,0,1
4206,0,0,1,1
4207,1,0,1,0
4208,0,0,1,1
4209,0,0,1,1
4210,1,0,1,1
4211,0,0,1,1
4212,0,0,1,1
4213,0,0,1,1
4214,0,0,1,1
4215,1,0,0,1
4216,0,0,1,0
4217,1,0,0,1
4218,0,0,1,1
4219,1,0,1,1
4220,1,0,0,1
4221,1,0,1,0
4222,0,0,1,0
4223,1,0,0,1
4224,1,0,0,1
4225,1,0,0,1
4226,1,0,0,1
4227,0,0,1,0
4228,1,0,1,0
4229,1,0,1,0
4230,0,0,1,1
4231,0,1,0,1
4232,1,0,1,0
4233,0,0,1,1
4234,0,0,1,0
4235,0,0,1,1
4236,0,0,1,1
4237,0,0,1,1
4238,0,0,1,1
4239,1,0,0,0
4240,0,0,1,1
4241,0,0,1,1
4242,0,0,1,0
4243,0,0,1,0
4244,1,0,0,1
4245,0,0,1,1
4246,0,0,1,0
4247,0,1,1,0
4248,1,0,0,1
4249,1,0,0,1
4250,0,0,1,1
4251,0,0,1,1
4252,1,0,0,1
4253,1,1,0,1
4254,1,0,0,0
4255,1,1,0,1
4256,0,0,1,0
4257,0,0,1,1
4258,0,0,1,1
4259,0,0,1,0
4260,0,1,0,0
4261,0,0,1,1
4262,0,0,1,1
4263,0,0,1,1
4264,0,0,1,1
4265,0,0,1,0
4266,0,0,1,1
4267,0,0,1,1
4268,0,0,1,1
4269,0,0,1,0
4270,1,1,0,0
4271,0,0,1,0
4272,0,0,1,1
4273,1,0,0,1
4274,0,0,1,1
4275,0,0,1,1
4276,1,0,1,0
4277,0,0,1,0
4278,0,0,1,0
4279,0,0,1,0
4280,0,0,1,0
4281,1,0,0,0
4282,0,0,1,0
4283,0,0,1,1
4284,1,0,0,0
4285,0,0,1,1
4286,1,0,1,0
4287,0,0,1,1
4288,0,0,1,1
4289,0,0,1,1
4290,0,0,1,1
4291,0,1,1,0
4292,0,0,1,1
4293,0,0,1,1
4294,0,0,1,1
4295,1,0,0,1
4296,0,0,1,1
4297,1,0,1,1
4298,0,0,1,1
4299,0,0,1,1
4300,0,0,1,1
4301,0,0,1,0
4302,0,0,1,1
4303,0,0,1,1
4304,1,0,1,0
4305,1,0,1,1
4306,0,0,1,0
4307,0,0,1,0
4308,0,0,1,0
4309,0,0,1,1
4310,1,0,1,0
4311,1,0,1,0
4312,0,0,1,1
4313,1,0,0,0
4314,0,0,1,0
4315,1,0,0,0
4316,0,0,1,1
4317,0,0,1,0
4318,0,0,1,1
4319,0,0,1,1
4320,0,0,1,1
4321,1,0,0,1
4322,1,0,0,0
4323,1,0,1,0
4324,1,0,1,0
4325,1,0,0,1
4326,1,0,1,1
4327,1,1,0,0
4328,1,0,0,1
4329,1,0,1,0
4330,1,0,0,1
4331,0,0,1,0
4332,0,0,1,1
4333,0,0,1,0
4334,0,0,1,0
4335,0,0,1,1
4336,0,0,1,1
4337,0,0,1,0
4338,0,1,1,0
4339,0,0,1,1
4340,1,0,1,1
4341,0,0,1,1
4342,1,1,0,0
4343,0,0,1,0
4344,1,0,0,0
4345,0,0,1,1
4346,1,0,1,0
4347,0,0,1,1
4348,0,0,1,0
4349,0,0,1,1
4350,0,0,1,1
4351,0,0,1,1
4352,1,0,0,1
4353,1,0,0,0
4354,1,0,0,0
4355,0,0,1,1
4356,1,0,1,1
4357,1,0,1,0
4358,0,0,1,0
4359,0,0,1,1
4360,1,0,1,1
4361,0,0,1,0
4362,0,0,1,0
4363,0,0,1,0
4364,0,0,1,1
4365,1,0,1,0
4366,0,0,1,1
4367,1,0,1,0
4368,0,0,1,1
4369,1,0,0,1
4370,0,0,1,1
4371,0,0,1,1
4372,0,0,1,0
4373,1,0,1,1
4374,0,0,1,0
4375,0,0,1,0
4376,0,0,1,0
4377,0,0,1,1
4378,1,0,1,0
4379,1,0,1,1
4380,0,0,1,1
4381,0,1,0,0
4382,0,0,1,1
4383,0,0,1,0
4384,0,1,0,1
4385,1,0,1,1
4386,1,0,0,1
4387,1,0,0,1
4388,1,0,1,1
4389,0,0,1,1
4390,0,0,1,1
4391,1,0,0,1
4392,0,0,1,1
4393,0,0,1,1
4394,0,0,1,0
4395,0,0,1,1
4396,0,0,1,0
4397,0,0,1,1
4398,1,0,0,0
4399,1,0,0,1
4400,1,0,0,0
4401,0,0,1,1
4402,0,0,1,1
4403,1,0,1,0
4404,0,0,1,1
4405,0,0,1,0
4406,0,0,1,0
4407,0,0,1,1
4408,0,0,1,1
4409,0,0,1,0
4410,0,1,0,0
4411,0,0,1,1
4412,0,0,1,1
4413,0,0,1,1
4414,0,0,1,1
4415,0,0,1,1
4416,0,0,1,1
4417,0,0,1,1
4418,0,0,1,1
4419,0,0,1,0
4420,1,0,0,0
4421,0,0,1,1
4422,0,0,1,0
4423,1,0,1,1
4424,1,0,0,1
4425,0,0,1,0
4426,1,0,1,1
4427,0,0,1,0
4428,0,1,0,0
4429,0,0,1,1
4430,1,0,1,0
4431,0,0,1,0
4432,0,0,1,0
4433,1,0,1,0
4434,0,0,1,1
4435,0,0,1,1
4436,0,0,1,1
4437,0,0,1,1
4438,0,0,1,1
4439,0,0,1,1
4440,1,0,0,0
4441,0,0,1,1
4442,1,0,1,0
4443,0,1,0,1
4444,0,1,0,1
4445,1,0,1,0
4446,0,0,1,1
4447,0,0,1,1
4448,0,0,1,0
4449,0,0,1,0
4450,0,0,1,1
4451,0,0,1,1
4452,0,0,1,0
4453,1,0,0,0
4454,0,0,1,0
4455,1,0,0,1
4456,0,0,1,1
4457,0,0,1,1
4458,0,0,1,0
4459,0,1,0,0
4460,1,1,0,0
4461,0,1,1,1
4462,1,0,0,1
4463,0,1,0,1
4464,1,0,0,0
4465,0,0,1,1
4466,0,0,1,1
4467,1,0,1,0
4468,0,0,1,0
4469,0,1,0,1
4470,0,0,1,0
4471,0,0,1,1
4472,0,0,1,0
4473,0,0,1,1
4474,0,0,1,1
4475,1,0,1,1
4476,0,0,1,1
4477,1,0,0,0
4478,0,0,1,1
4479,0,0,1,0
4480,0,0,1,1
4481,0,0,1,1
4482,1,0,0,1
4483,0,0,1,1
4484,0,0,1,1
4485,0,0,1,0
4486,0,0,1,0
4487,0,0,1,1
4488,1,0,1,1
4489,1,1,0,0
4490,0,0,1,1
4491,0,0,1,0
4492,1,0,0,1
4493,1,0,1,1
4494,0,0,1,1
4495,0,0,1,1
4496,0,0,1,0
4497,1,0,0,1
4498,0,0,1,0
4499,0,0,1,1
4500,0,0,1,1
4501,1,1,0,1
4502,1,0,0,1
4503,0,0,1,1
4504,0,0,1,1
4505,1,0,1,0
4506,0,0,1,0
4507,1,0,0,1
4508,0,0,1,0
4509,1,1,0,1
4510,1,0,0,1
4511,1,0,1,0
4512,0,0,1,1
4513,0,1,0,0
4514,1,0,1,1
4515,1,0,1,1
4516,0,0,1,1
4517,0,0,1,0
4518,0,1,1,0
4519,0,0,1,0
4520,1,0,0,1
4521,0,0,1,1
4522,0,0,1,1
4523,0,0,1,1
4524,1,0,1,0
4525,0,0,1,1
4526,0,0,1,0
4527,0,0,1,1
4528,0,0,1,0
4529,0,0,1,1
4530,1,0,0,1
4531,1,0,1,1
4532,0,0,1,1
4533,1,0,1,0
4534,1,0,0,1
4535,0,0,1,1
4536,1,0,0,0
4537,1,0,1,0
4538,1,0,0,1
4539,0,0,1,0
4540,0,0,1,1
4541,0,0,1,1
4542,0,0,1,0
4543,0,0,1,0
4544,1,0,0,1
4545,0,0,1,1
4546,1,0,0,1
4547,0,0,1,1
4548,1,0,0,1
4549,1,0,1,1
4550,0,0,1,1
4551,1,0,0,1
4552,0,0,1,1
4553,1,0,0,1
4554,0,0,1,1
4555,1,0,0,0
4556,0,0,1,0
4557,0,1,1,0
4558,0,0,1,0
4559,0,0,1,1
4560,0,0,1,0
4561,1,0,0,0
4562,1,0,0,1
4563,0,0,1,0
4564,0,0,1,1
4565,0,0,1,1
4566,0,0,1,1
4567,1,0,0,0
4568,0,0,1,0
4569,0,0,1,1
4570,0,0,1,1
4571,0,0,1,1
4572,0,0,1,0
4573,0,0,1,1
4574,0,0,1,1
4575,1,0,1,0
4576,0,0,1,1
4577,0,0,1,1
4578,1,0,0,1
4579,0,0,1,1
4580,0,1,0,0
4581,0,0,1,1
4582,0,0,1,0
4583,0,0,1,1
4584,0,0,1,1
4585,0,0,1,0
4586,1,0,0,1
4587,1,0,1,0
4588,1,0,0,0
4589,0,0,1,1
4590,0,0,1,1
4591,1,0,1,0
4592,0,0,1,1
4593,1,0,0,0
4594,0,0,1,0
4595,1,0,0,1
4596,0,0,1,1
4597,0,0,1,0
4598,0,1,1,1
4599,0,0,1,1
4600,0,0,1,0
4601,0,0,1,0
4602,0,0,1,0
4603,1,0,0,1
4604,1,0,0,1
4605,0,0,1,1
4606,0,0,1,1
4607,1,0,1,1
4608,0,0,1,1
4609,0,0,1,1
4610,0,0,1,1
4611,0,0,1,0
4612,1,0,1,0
4613,0,0,1,1
4614,0,0,1,1
4615,1,0,0,1
4616,0,0,1,1
4617,1,0,0,0
4618,0,0,1,1
4619,0,0,1,1
4620,0,0,1,1
4621,0,0,1,0
4622,0,0,1,0
4623,0,0,1,0
4624,0,1,0,1
4625,1,0,0,1
4626,1,0,0,0
4627,0,0,1,1
4628,0,0,1,0
4629,1,0,0,1
4630,1,0,0,0
4631,0,0,1,1
4632,1,1,0,0
4633,1,0,0,0
4634,1,0,1,0
4635,1,0,0,1
4636,0,0,1,1
4637,0,0,1,1
4638,0,0,1,1
4639,1,0,1,0
4640,0,0,1,1
4641,1,0,0,1
4642,0,0,1,1
4643,0,0,1,1
4644,1,0,1,1
4645,0,0,1,0
4646,0,0,1,1
4647,1,0,0,0
4648,1,0,1,0
4649,1,0,1,1
4650,1,0,1,0
4651,0,0,1,1
4652,0,0,1,1
4653,0,0,1,1
4654,0,0,1,1
4655,1,0,1,0
4656,0,0,1,1
4657,1,0,1,0
4658,1,0,1,0
4659,0,0,1,1
4660,0,0,1,0
4661,0,0,1,1
4662,1,0,1,1
4663,0,0,1,1
4664,1,0,1,1
4665,1,0,1,0
4666,0,1,0,1
4667,0,0,1,0
4668,0,0,1,1
4669,0,0,1,1
4670,0,0,1,1
4671,0,0,1,1
4672,1,0,1,1
4673,0,0,1,1
4674,0,0,1,0
4675,1,0,0,0
4676,0,0,1,1
4677,0,1,1,0
4678,0,0,1,0
4679,0,0,1,1
4680,1,0,0,1
4681,0,0,1,1
4682,1,0,1,1
4683,0,0,1,1
4684,0,1,1,1
4685,0,0,1,0
4686,1,0,0,0
4687,0,0,1,1
4688,0,0,1,1
4689,1,0,1,0
4690,1,0,0,0
4691,0,0,1,1
4692,0,1,1,0
4693,1,0,0,1
4694,0,0,1,0
4695,0,0,1,0
4696,1,0,1,1
4697,1,0,1,0
4698,0,0,1,0
4699,1,0,1,0
4700,0,0,1,1
4701,1,0,0,0
4702,1,0,1,0
4703,1,1,0,0
4704,0,0,1,0
4705,1,0,0,1
4706,0,0,1,1
4707,1,0,0,0
4708,0,0,1,0
4709,0,1,1,0
4710,1,0,0,1
4711,0,0,1,1
4712,1,0,1,1
4713,0,0,1,1
4714,1,0,0,0
4715,0,0,1,1
4716,0,0,1,1
4717,0,0,1,0
4718,1,1,0,0
4719,0,0,1,1
4720,1,1,0,1
4721,0,0,1,0
4722,0,0,1,1
4723,0,1,0,0
4724,0,0,1,1
4725,0,1,0,1
4726,0,0,1,1
4727,0,0,1,0
4728,0,0,1,1
4729,0,0,1,1
4730,0,0,1,0
4731,1,1,0,0
4732,1,0,0,1
4733,1,0,1,0
4734,1,0,1,1
4735,1,0,0,0
4736,0,0,1,1
4737,0,0,1,1
4738,1,1,0,1
4739,0,0,1,1
4740,0,0,1,1
4741,0,0,1,1
4742,1,0,1,0
4743,0,0,1,1
4744,1,0,1,0
4745,0,0,1,1
4746,0,1,0,1
4747,0,0,1,1
4748,1,0,0,1
4749,0,0,1,1
4750,1,0,1,0
4751,1,0,0,1
4752,1,0,1,1
4753,0,0,1,1
4754,1,0,1,0
4755,1,1,0,1
4756,0,0,1,0
4757,0,0,1,1
4758,1,0,1,1
4759,0,0,1,1
4760,1,0,0,0
4761,0,0,1,1
4762,1,0,1,0
4763,0,0,1,0
4764,1,0,1,1
4765,0,0,1,0
4766,0,0,1,1
4767,0,0,1,0
4768,0,0,1,0
4769,0,0,1,1
4770,0,0,1,1
4771,1,0,1,0
4772,0,0,1,1
4773,0,0,1,0
4774,0,0,1,1
4775,1,0,1,0
4776,1,1,0,1
4777,0,0,1,1
4778,0,1,1,1
4779,0,1,1,0
4780,0,0,1,0
4781,1,1,0,0
4782,1,0,1,0
4783,0,0,1,1
4784,1,0,0,1
4785,0,0,1,1
4786,0,0,1,1
4787,0,1,0,1
4788,0,0,1,1
4789,1,0,0,0
4790,0,1,0,1
4791,0,0,1,1
4792,0,0,1,0
4793,0,0,1,0
4794,0,0,1,0
4795,1,1,0,1
4796,0,1,0,1
4797,0,0,1,1
4798,1,0,0,1
4799,0,0,1,1
4800,0,0,1,1
4801,0,1,1,1
4802,0,0,1,0
4803,1,0,0,1
4804,1,1,0,1
4805,0,0,1,1
4806,1,0,0,0
4807,0,0,1,1
4808,0,1,1,0
4809,1,0,1,0
4810,0,1,0,1
4811,0,0,1,1
4812,0,0,1,1
4813,0,1,0,1
4814,1,0,0,0
4815,0,0,1,0
4816,1,0,1,0
4817,0,1,1,0
4818,0,0,1,1
4819,0,0,1,1
4820,0,0,1,0
4821,0,0,1,1
4822,1,0,1,0
4823,0,0,1,0
4824,0,0,1,1
4825,0,0,1,0
4826,0,0,1,1
4827,0,0,1,1
4828,0,0,1,1
4829,0,0,1,0
4830,0,0,1,1
4831,0,0,1,0
4832,0,0,1,1
4833,0,0,1,1
4834,0,1,0,1
4835,1,0,0,1
4836,0,0,1,1
4837,0,0,1,1
4838,0,0,1,0
4839,0,0,1,1
4840,1,0,0,1
4841,1,0,0,1
4842,0,0,1,1
4843,0,0,1,1
4844,1,0,1,1
4845,0,1,1,0
4846,0,0,1,1
4847,0,0,1,1
4848,0,0,1,1
4849,1,0,1,1
4850,0,0,1,1
4851,0,0,1,1
4852,0,0,1,0
4853,0,0,1,0
4854,0,0,1,1
4855,0,0,1,0
4856,0,0,1,0
4857,1,0,0,1
4858,0,0,1,0
4859,0,0,1,1
4860,0,0,1,0
4861,0,0,1,1
4862,0,0,1,0
4863,0,0,1,0
4864,1,0,1,1
4865,0,0,1,1
4866,0,0,1,1
4867,1,0,0,1
4868,0,0,1,1
4869,0,0,1,1
4870,0,0,1,1
4871,0,0,1,1
4872,0,1,1,0
4873,0,0,1,1
4874,0,0,1,1
4875,1,1,0,0
4876,1,0,1,0
4877,1,0,1,0
4878,1,0,1,1
4879,1,0,0,1
4880,1,0,1,1
4881,0,0,1,1
4882,1,1,0,0
4883,1,0,1,0
4884,1,0,0,0
4885,1,0,1,0
4886,0,0,1,1
4887,1,0,0,1
4888,0,0,1,0
4889,1,0,0,0
4890,1,0,0,0
4891,0,0,1,1
4892,0,0,1,1
4893,0,0,1,0
4894,0,1,1,0
4895,0,0,1,0
4896,0,0,1,1
4897,1,0,1,0
4898,0,0,1,1
4899,0,0,1,1
4900,0,0,1,1
4901,0,0,1,0
4902,0,0,1,0
4903,0,0,1,0
4904,1,0,0,1
4905,1,0,0,1
4906,0,0,1,0
4907,0,0,1,0
4908,0,0,1,0
4909,0,1,0,1
4910,0,1,0,1
4911,0,0,1,1
4912,0,0,1,0
4913,0,0,1,1
4914,0,0,1,1
4915,0,0,1,1
4916,1,0,1,0
4917,0,0,1,1
4918,0,0,1,0
4919,0,0,1,1
4920,0,0,1,0
4921,0,0,1,1
4922,0,0,1,1
4923,0,0,1,1
4924,1,0,0,1
4925,1,0,1,0
4926,0,0,1,1
4927,0,0,1,1
4928,0,0,1,1
4929,1,0,0,0
4930,0,0,1,1
4931,0,0,1,1
4932,1,1,0,0
4933,1,0,0,0
4934,0,0,1,1
4935,0,0,1,1
4936,0,0,1,1
4937,1,0,0,0
4938,1,0,0,0
4939,0,0,1,0
4940,0,0,1,1
4941,0,0,1,1
4942,1,0,1,0
4943,1,0,1,0
4944,0,0,1,1
4945,0,0,1,1
4946,0,0,1,0
4947,0,1,1,0
4948,1,0,0,1
4949,0,0,1,1
4950,1,0,1,0
4951,0,0,1,1
4952,1,0,0,1
4953,1,0,0,0
4954,1,0,1,1
4955,0,0,1,0
4956,1,0,0,1
4957,0,0,1,1
4958,1,0,0,0
4959,0,0,1,1
4960,0,0,1,0
4961,0,0,1,1
4962,1,0,1,1
4963,0,0,1,1
4964,0,0,1,1
4965,0,0,1,0
4966,1,0,0,1
4967,1,0,0,0
4968,1,0,1,0
4969,0,0,1,0
4970,0,0,1,0
4971,1,0,1,0
4972,0,0,1,1
4973,1,0,1,1
4974,0,0,1,1
4975,1,1,0,1
4976,0,0,1,1
4977,0,0,1,1
4978,1,0,1,0
4979,1,0,1,0
4980,0,0,1,1
4981,0,1,0,1
4982,0,0,1,0
4983,0,0,1,1
4984,1,0,0,0
4985,1,0,1,1
4986,1,0,1,1
4987,1,0,1,0
4988,0,0,1,0
4989,1,0,0,0
4990,0,0,1,0
4991,0,0,1,1
4992,1,0,0,1
4993,1,0,1,1
4994,1,0,1,1
4995,0,0,1,0
4996,0,0,1,1
4997,1,0,0,1
4998,0,0,1,1
4999,0,0,1,1
